id,category,answer_ko,answer_en,acceptable_answers,difficulty,image_url,image_source,photographer,license,suggested_image_query,hint_1,hint_2,hint_3,hint_4,hint_5,explanation,status
MEGA-001,대도시,도쿄,Tokyo,"도쿄, 동경, tokyo",easy,,,,,Tokyo city street skyline landmark,이곳은 동아시아에 있습니다.,일본에 있는 도시입니다.,세계적으로 인지도가 높거나 인구·경제·문화 기능이 큰 대도시입니다.,세계적인 초대형 도시권으로 알려져 있습니다.,일본의 수도입니다.,도쿄는 일본의 도시입니다. 세계적인 초대형 도시권으로 알려져 있습니다. 일본의 수도입니다.,텍스트초안
MEGA-002,대도시,서울,Seoul,"서울, seoul",easy,,,,,Seoul city street skyline landmark,이곳은 동아시아에 있습니다.,대한민국에 있는 도시입니다.,세계적으로 인지도가 높거나 인구·경제·문화 기능이 큰 대도시입니다.,한강을 중심으로 성장한 대도시입니다.,대한민국의 수도입니다.,서울는 대한민국의 도시입니다. 한강을 중심으로 성장한 대도시입니다. 대한민국의 수도입니다.,텍스트초안
MEGA-003,대도시,뉴욕,New York,"뉴욕, new york, nyc, new york city",easy,,,,,New York city street skyline landmark,이곳은 북아메리카에 있습니다.,미국에 있는 도시입니다.,세계적으로 인지도가 높거나 인구·경제·문화 기능이 큰 대도시입니다.,"금융, 문화, 미디어의 중심지로 유명합니다.",맨해튼과 자유의 여신상으로 잘 알려져 있습니다.,"뉴욕는 미국의 도시입니다. 금융, 문화, 미디어의 중심지로 유명합니다. 맨해튼과 자유의 여신상으로 잘 알려져 있습니다.",텍스트초안
MEGA-004,대도시,파리,Paris,"파리, paris",easy,,,,,Paris city street skyline landmark,이곳은 서유럽에 있습니다.,프랑스에 있는 도시입니다.,세계적으로 인지도가 높거나 인구·경제·문화 기능이 큰 대도시입니다.,"예술, 패션, 미식으로 유명한 도시입니다.",에펠탑과 루브르 박물관으로 유명합니다.,"파리는 프랑스의 도시입니다. 예술, 패션, 미식으로 유명한 도시입니다. 에펠탑과 루브르 박물관으로 유명합니다.",텍스트초안
MEGA-005,대도시,런던,London,"런던, london",easy,,,,,London city street skyline landmark,이곳은 서유럽에 있습니다.,영국에 있는 도시입니다.,세계적으로 인지도가 높거나 인구·경제·문화 기능이 큰 대도시입니다.,템스강을 중심으로 발달한 역사 도시입니다.,영국의 수도입니다.,런던는 영국의 도시입니다. 템스강을 중심으로 발달한 역사 도시입니다. 영국의 수도입니다.,텍스트초안
MEGA-006,대도시,상하이,Shanghai,"상하이, 상해, shanghai",normal,,,,,Shanghai city street skyline landmark,이곳은 동아시아에 있습니다.,중국에 있는 도시입니다.,세계적으로 인지도가 높거나 인구·경제·문화 기능이 큰 대도시입니다.,황푸강 주변의 스카이라인이 유명합니다.,중국의 대표적인 경제 중심 도시입니다.,상하이는 중국의 도시입니다. 황푸강 주변의 스카이라인이 유명합니다. 중국의 대표적인 경제 중심 도시입니다.,텍스트초안
MEGA-007,대도시,이스탄불,Istanbul,"이스탄불, istanbul",normal,,,,,Istanbul city street skyline landmark,이곳은 유럽과 아시아의 경계에 있습니다.,튀르키예에 있는 도시입니다.,세계적으로 인지도가 높거나 인구·경제·문화 기능이 큰 대도시입니다.,두 대륙을 잇는 해협 도시입니다.,보스포루스 해협과 아야 소피아로 유명합니다.,이스탄불는 튀르키예의 도시입니다. 두 대륙을 잇는 해협 도시입니다. 보스포루스 해협과 아야 소피아로 유명합니다.,텍스트초안
MEGA-008,대도시,방콕,Bangkok,"방콕, bangkok",normal,,,,,Bangkok city street skyline landmark,이곳은 동남아시아에 있습니다.,태국에 있는 도시입니다.,세계적으로 인지도가 높거나 인구·경제·문화 기능이 큰 대도시입니다.,"왕궁, 사원, 수상 교통이 함께 떠오르는 도시입니다.",태국의 수도입니다.,"방콕는 태국의 도시입니다. 왕궁, 사원, 수상 교통이 함께 떠오르는 도시입니다. 태국의 수도입니다.",텍스트초안
MEGA-009,대도시,멕시코시티,Mexico City,"멕시코시티, 멕시코 시티, mexico city",normal,,,,,Mexico City city street skyline landmark,이곳은 북아메리카에 있습니다.,멕시코에 있는 도시입니다.,세계적으로 인지도가 높거나 인구·경제·문화 기능이 큰 대도시입니다.,고원 지대에 자리 잡은 거대한 수도권입니다.,멕시코의 수도입니다.,멕시코시티는 멕시코의 도시입니다. 고원 지대에 자리 잡은 거대한 수도권입니다. 멕시코의 수도입니다.,텍스트초안
MEGA-010,대도시,카이로,Cairo,"카이로, cairo",normal,,,,,Cairo city street skyline landmark,이곳은 북아프리카에 있습니다.,이집트에 있는 도시입니다.,세계적으로 인지도가 높거나 인구·경제·문화 기능이 큰 대도시입니다.,나일강과 고대 문명 이미지가 강한 도시입니다.,기자 피라미드와 가까운 이집트의 수도입니다.,카이로는 이집트의 도시입니다. 나일강과 고대 문명 이미지가 강한 도시입니다. 기자 피라미드와 가까운 이집트의 수도입니다.,텍스트초안
MEGA-011,대도시,베이징,Beijing,"베이징, 북경, beijing",easy,,,,,Beijing city street skyline landmark,이곳은 동아시아에 있습니다.,중국에 있는 도시입니다.,세계적으로 인지도가 높거나 인구·경제·문화 기능이 큰 대도시입니다.,오래된 궁궐과 현대 도시 기능이 공존합니다.,중국의 수도입니다.,베이징는 중국의 도시입니다. 오래된 궁궐과 현대 도시 기능이 공존합니다. 중국의 수도입니다.,텍스트초안
MEGA-012,대도시,델리,Delhi,"델리, delhi, new delhi, 뉴델리",normal,,,,,Delhi city street skyline landmark,이곳은 남아시아에 있습니다.,인도에 있는 도시입니다.,세계적으로 인지도가 높거나 인구·경제·문화 기능이 큰 대도시입니다.,인도 북부의 거대한 도시권입니다.,인도의 수도권을 이루는 핵심 도시입니다.,델리는 인도의 도시입니다. 인도 북부의 거대한 도시권입니다. 인도의 수도권을 이루는 핵심 도시입니다.,텍스트초안
MEGA-013,대도시,뭄바이,Mumbai,"뭄바이, mumbai, bombay, 봄베이",normal,,,,,Mumbai city street skyline landmark,이곳은 남아시아에 있습니다.,인도에 있는 도시입니다.,세계적으로 인지도가 높거나 인구·경제·문화 기능이 큰 대도시입니다.,영화 산업과 항구 도시 이미지가 강합니다.,인도 서부의 대표 경제 도시입니다.,뭄바이는 인도의 도시입니다. 영화 산업과 항구 도시 이미지가 강합니다. 인도 서부의 대표 경제 도시입니다.,텍스트초안
MEGA-014,대도시,상파울루,Sao Paulo,"상파울루, sao paulo, são paulo",normal,,,,,Sao Paulo city street skyline landmark,이곳은 남아메리카에 있습니다.,브라질에 있는 도시입니다.,세계적으로 인지도가 높거나 인구·경제·문화 기능이 큰 대도시입니다.,남반구의 대표적인 경제 대도시입니다.,브라질 최대 도시로 알려져 있습니다.,상파울루는 브라질의 도시입니다. 남반구의 대표적인 경제 대도시입니다. 브라질 최대 도시로 알려져 있습니다.,텍스트초안
MEGA-015,대도시,자카르타,Jakarta,"자카르타, jakarta",normal,,,,,Jakarta city street skyline landmark,이곳은 동남아시아에 있습니다.,인도네시아에 있는 도시입니다.,세계적으로 인지도가 높거나 인구·경제·문화 기능이 큰 대도시입니다.,섬나라의 거대한 수도권입니다.,인도네시아의 수도 기능을 가진 도시입니다.,자카르타는 인도네시아의 도시입니다. 섬나라의 거대한 수도권입니다. 인도네시아의 수도 기능을 가진 도시입니다.,텍스트초안
MEGA-016,대도시,마닐라,Manila,"마닐라, manila",normal,,,,,Manila city street skyline landmark,이곳은 동남아시아에 있습니다.,필리핀에 있는 도시입니다.,세계적으로 인지도가 높거나 인구·경제·문화 기능이 큰 대도시입니다.,만을 끼고 성장한 대도시권입니다.,필리핀의 수도입니다.,마닐라는 필리핀의 도시입니다. 만을 끼고 성장한 대도시권입니다. 필리핀의 수도입니다.,텍스트초안
MEGA-017,대도시,라호르,Lahore,"라호르, lahore",hard,,,,,Lahore city street skyline landmark,이곳은 남아시아에 있습니다.,파키스탄에 있는 도시입니다.,세계적으로 인지도가 높거나 인구·경제·문화 기능이 큰 대도시입니다.,무굴 시대 유산과 현대 도시가 공존합니다.,파키스탄 펀자브 지방의 대표 도시입니다.,라호르는 파키스탄의 도시입니다. 무굴 시대 유산과 현대 도시가 공존합니다. 파키스탄 펀자브 지방의 대표 도시입니다.,텍스트초안
MEGA-018,대도시,카라치,Karachi,"카라치, karachi",hard,,,,,Karachi city street skyline landmark,이곳은 남아시아에 있습니다.,파키스탄에 있는 도시입니다.,세계적으로 인지도가 높거나 인구·경제·문화 기능이 큰 대도시입니다.,아라비아해에 접한 항구 도시입니다.,파키스탄 최대 도시로 알려져 있습니다.,카라치는 파키스탄의 도시입니다. 아라비아해에 접한 항구 도시입니다. 파키스탄 최대 도시로 알려져 있습니다.,텍스트초안
MEGA-019,대도시,다카,Dhaka,"다카, dhaka",normal,,,,,Dhaka city street skyline landmark,이곳은 남아시아에 있습니다.,방글라데시에 있는 도시입니다.,세계적으로 인지도가 높거나 인구·경제·문화 기능이 큰 대도시입니다.,인구 밀도가 매우 높은 도시권입니다.,방글라데시의 수도입니다.,다카는 방글라데시의 도시입니다. 인구 밀도가 매우 높은 도시권입니다. 방글라데시의 수도입니다.,텍스트초안
MEGA-020,대도시,모스크바,Moscow,"모스크바, moscow",easy,,,,,Moscow city street skyline landmark,이곳은 동유럽/북아시아에 있습니다.,러시아에 있는 도시입니다.,세계적으로 인지도가 높거나 인구·경제·문화 기능이 큰 대도시입니다.,붉은 광장과 크렘린이 상징적입니다.,러시아의 수도입니다.,모스크바는 러시아의 도시입니다. 붉은 광장과 크렘린이 상징적입니다. 러시아의 수도입니다.,텍스트초안
MEGA-021,대도시,오사카,Osaka,"오사카, osaka",normal,,,,,Osaka city street skyline landmark,이곳은 동아시아에 있습니다.,일본에 있는 도시입니다.,세계적으로 인지도가 높거나 인구·경제·문화 기능이 큰 대도시입니다.,상업과 음식 문화가 강한 도시입니다.,일본 간사이 지방의 대표 대도시입니다.,오사카는 일본의 도시입니다. 상업과 음식 문화가 강한 도시입니다. 일본 간사이 지방의 대표 대도시입니다.,텍스트초안
MEGA-022,대도시,로스앤젤레스,Los Angeles,"로스앤젤레스, LA, los angeles",easy,,,,,Los Angeles city street skyline landmark,이곳은 북아메리카에 있습니다.,미국에 있는 도시입니다.,세계적으로 인지도가 높거나 인구·경제·문화 기능이 큰 대도시입니다.,영화 산업과 넓은 도시권이 떠오릅니다.,할리우드가 있는 미국 서부 대도시입니다.,로스앤젤레스는 미국의 도시입니다. 영화 산업과 넓은 도시권이 떠오릅니다. 할리우드가 있는 미국 서부 대도시입니다.,텍스트초안
MEGA-023,대도시,시카고,Chicago,"시카고, chicago",normal,,,,,Chicago city street skyline landmark,이곳은 북아메리카에 있습니다.,미국에 있는 도시입니다.,세계적으로 인지도가 높거나 인구·경제·문화 기능이 큰 대도시입니다.,거대한 호수와 고층 건축으로 유명합니다.,미국 중서부의 대표 도시입니다.,시카고는 미국의 도시입니다. 거대한 호수와 고층 건축으로 유명합니다. 미국 중서부의 대표 도시입니다.,텍스트초안
MEGA-024,대도시,토론토,Toronto,"토론토, toronto",normal,,,,,Toronto city street skyline landmark,이곳은 북아메리카에 있습니다.,캐나다에 있는 도시입니다.,세계적으로 인지도가 높거나 인구·경제·문화 기능이 큰 대도시입니다.,다문화 도시이자 금융 중심지입니다.,CN 타워가 대표 상징입니다.,토론토는 캐나다의 도시입니다. 다문화 도시이자 금융 중심지입니다. CN 타워가 대표 상징입니다.,텍스트초안
MEGA-025,대도시,부에노스아이레스,Buenos Aires,"부에노스아이레스, buenos aires",normal,,,,,Buenos Aires city street skyline landmark,이곳은 남아메리카에 있습니다.,아르헨티나에 있는 도시입니다.,세계적으로 인지도가 높거나 인구·경제·문화 기능이 큰 대도시입니다.,유럽풍 거리와 탱고 문화가 유명합니다.,아르헨티나의 수도입니다.,부에노스아이레스는 아르헨티나의 도시입니다. 유럽풍 거리와 탱고 문화가 유명합니다. 아르헨티나의 수도입니다.,텍스트초안
MEGA-026,대도시,리우데자네이루,Rio de Janeiro,"리우데자네이루, rio de janeiro, 리우",easy,,,,,Rio de Janeiro city street skyline landmark,이곳은 남아메리카에 있습니다.,브라질에 있는 도시입니다.,세계적으로 인지도가 높거나 인구·경제·문화 기능이 큰 대도시입니다.,"해변과 산, 거대한 예수상이 함께 떠오릅니다.",코파카바나와 슈거로프 산으로 유명합니다.,"리우데자네이루는 브라질의 도시입니다. 해변과 산, 거대한 예수상이 함께 떠오릅니다. 코파카바나와 슈거로프 산으로 유명합니다.",텍스트초안
MEGA-027,대도시,리마,Lima,"리마, lima",normal,,,,,Lima city street skyline landmark,이곳은 남아메리카에 있습니다.,페루에 있는 도시입니다.,세계적으로 인지도가 높거나 인구·경제·문화 기능이 큰 대도시입니다.,태평양 연안의 사막성 해안 도시입니다.,페루의 수도입니다.,리마는 페루의 도시입니다. 태평양 연안의 사막성 해안 도시입니다. 페루의 수도입니다.,텍스트초안
MEGA-028,대도시,보고타,Bogota,"보고타, bogota, bogotá",normal,,,,,Bogota city street skyline landmark,이곳은 남아메리카에 있습니다.,콜롬비아에 있는 도시입니다.,세계적으로 인지도가 높거나 인구·경제·문화 기능이 큰 대도시입니다.,안데스 고원 지대에 있는 대도시입니다.,콜롬비아의 수도입니다.,보고타는 콜롬비아의 도시입니다. 안데스 고원 지대에 있는 대도시입니다. 콜롬비아의 수도입니다.,텍스트초안
MEGA-029,대도시,산티아고,Santiago,"산티아고, santiago, santiago de chile",normal,,,,,Santiago city street skyline landmark,이곳은 남아메리카에 있습니다.,칠레에 있는 도시입니다.,세계적으로 인지도가 높거나 인구·경제·문화 기능이 큰 대도시입니다.,안데스 산맥을 배경으로 한 도시입니다.,칠레의 수도입니다.,산티아고는 칠레의 도시입니다. 안데스 산맥을 배경으로 한 도시입니다. 칠레의 수도입니다.,텍스트초안
MEGA-030,대도시,마드리드,Madrid,"마드리드, madrid",easy,,,,,Madrid city street skyline landmark,이곳은 서유럽에 있습니다.,스페인에 있는 도시입니다.,세계적으로 인지도가 높거나 인구·경제·문화 기능이 큰 대도시입니다.,"광장과 왕궁, 미술관이 많은 도시입니다.",스페인의 수도입니다.,"마드리드는 스페인의 도시입니다. 광장과 왕궁, 미술관이 많은 도시입니다. 스페인의 수도입니다.",텍스트초안
MEGA-031,대도시,바르셀로나,Barcelona,"바르셀로나, barcelona",easy,,,,,Barcelona city street skyline landmark,이곳은 서유럽에 있습니다.,스페인에 있는 도시입니다.,세계적으로 인지도가 높거나 인구·경제·문화 기능이 큰 대도시입니다.,독특한 건축과 지중해 해안이 유명합니다.,가우디 건축물로 유명한 스페인 도시입니다.,바르셀로나는 스페인의 도시입니다. 독특한 건축과 지중해 해안이 유명합니다. 가우디 건축물로 유명한 스페인 도시입니다.,텍스트초안
MEGA-032,대도시,로마,Rome,"로마, rome, roma",easy,,,,,Rome city street skyline landmark,이곳은 남유럽에 있습니다.,이탈리아에 있는 도시입니다.,세계적으로 인지도가 높거나 인구·경제·문화 기능이 큰 대도시입니다.,고대 유적과 가톨릭 중심지가 공존합니다.,이탈리아의 수도입니다.,로마는 이탈리아의 도시입니다. 고대 유적과 가톨릭 중심지가 공존합니다. 이탈리아의 수도입니다.,텍스트초안
MEGA-033,대도시,밀라노,Milan,"밀라노, milan, milano",normal,,,,,Milan city street skyline landmark,이곳은 남유럽에 있습니다.,이탈리아에 있는 도시입니다.,세계적으로 인지도가 높거나 인구·경제·문화 기능이 큰 대도시입니다.,"패션과 디자인, 금융으로 유명합니다.",이탈리아 북부의 대표 경제 도시입니다.,"밀라노는 이탈리아의 도시입니다. 패션과 디자인, 금융으로 유명합니다. 이탈리아 북부의 대표 경제 도시입니다.",텍스트초안
MEGA-034,대도시,베를린,Berlin,"베를린, berlin",easy,,,,,Berlin city street skyline landmark,이곳은 서유럽에 있습니다.,독일에 있는 도시입니다.,세계적으로 인지도가 높거나 인구·경제·문화 기능이 큰 대도시입니다.,분단과 통일의 현대사가 강하게 남아 있습니다.,독일의 수도입니다.,베를린는 독일의 도시입니다. 분단과 통일의 현대사가 강하게 남아 있습니다. 독일의 수도입니다.,텍스트초안
MEGA-035,대도시,함부르크,Hamburg,"함부르크, hamburg",normal,,,,,Hamburg city street skyline landmark,이곳은 서유럽에 있습니다.,독일에 있는 도시입니다.,세계적으로 인지도가 높거나 인구·경제·문화 기능이 큰 대도시입니다.,항구와 운하가 발달한 도시입니다.,독일 북부의 대표 항구 도시입니다.,함부르크는 독일의 도시입니다. 항구와 운하가 발달한 도시입니다. 독일 북부의 대표 항구 도시입니다.,텍스트초안
MEGA-036,대도시,프랑크푸르트,Frankfurt,"프랑크푸르트, frankfurt",normal,,,,,Frankfurt city street skyline landmark,이곳은 서유럽에 있습니다.,독일에 있는 도시입니다.,세계적으로 인지도가 높거나 인구·경제·문화 기능이 큰 대도시입니다.,금융과 항공 교통의 중심지입니다.,유럽중앙은행과 고층 스카이라인으로 유명합니다.,프랑크푸르트는 독일의 도시입니다. 금융과 항공 교통의 중심지입니다. 유럽중앙은행과 고층 스카이라인으로 유명합니다.,텍스트초안
MEGA-037,대도시,암스테르담,Amsterdam,"암스테르담, amsterdam",easy,,,,,Amsterdam city street skyline landmark,이곳은 서유럽에 있습니다.,네덜란드에 있는 도시입니다.,세계적으로 인지도가 높거나 인구·경제·문화 기능이 큰 대도시입니다.,운하와 자전거 문화가 유명합니다.,네덜란드의 수도입니다.,암스테르담는 네덜란드의 도시입니다. 운하와 자전거 문화가 유명합니다. 네덜란드의 수도입니다.,텍스트초안
MEGA-038,대도시,브뤼셀,Brussels,"브뤼셀, brussels, bruxelles",normal,,,,,Brussels city street skyline landmark,이곳은 서유럽에 있습니다.,벨기에에 있는 도시입니다.,세계적으로 인지도가 높거나 인구·경제·문화 기능이 큰 대도시입니다.,유럽연합 관련 기관이 많은 도시입니다.,벨기에의 수도입니다.,브뤼셀는 벨기에의 도시입니다. 유럽연합 관련 기관이 많은 도시입니다. 벨기에의 수도입니다.,텍스트초안
MEGA-039,대도시,빈,Vienna,"빈, 비엔나, vienna, wien",easy,,,,,Vienna city street skyline landmark,이곳은 중부유럽에 있습니다.,오스트리아에 있는 도시입니다.,세계적으로 인지도가 높거나 인구·경제·문화 기능이 큰 대도시입니다.,음악과 궁전 문화가 유명합니다.,오스트리아의 수도입니다.,빈는 오스트리아의 도시입니다. 음악과 궁전 문화가 유명합니다. 오스트리아의 수도입니다.,텍스트초안
MEGA-040,대도시,취리히,Zurich,"취리히, zurich, zürich",normal,,,,,Zurich city street skyline landmark,이곳은 중부유럽에 있습니다.,스위스에 있는 도시입니다.,세계적으로 인지도가 높거나 인구·경제·문화 기능이 큰 대도시입니다.,금융과 호수 풍경이 유명합니다.,스위스의 대표 경제 도시입니다.,취리히는 스위스의 도시입니다. 금융과 호수 풍경이 유명합니다. 스위스의 대표 경제 도시입니다.,텍스트초안
MEGA-041,대도시,제네바,Geneva,"제네바, geneva",normal,,,,,Geneva city street skyline landmark,이곳은 중부유럽에 있습니다.,스위스에 있는 도시입니다.,세계적으로 인지도가 높거나 인구·경제·문화 기능이 큰 대도시입니다.,국제기구와 호수 풍경이 떠오릅니다.,레만호 주변의 국제 도시입니다.,제네바는 스위스의 도시입니다. 국제기구와 호수 풍경이 떠오릅니다. 레만호 주변의 국제 도시입니다.,텍스트초안
MEGA-042,대도시,스톡홀름,Stockholm,"스톡홀름, stockholm",normal,,,,,Stockholm city street skyline landmark,이곳은 북유럽에 있습니다.,스웨덴에 있는 도시입니다.,세계적으로 인지도가 높거나 인구·경제·문화 기능이 큰 대도시입니다.,섬과 물길 위에 발달한 도시입니다.,스웨덴의 수도입니다.,스톡홀름는 스웨덴의 도시입니다. 섬과 물길 위에 발달한 도시입니다. 스웨덴의 수도입니다.,텍스트초안
MEGA-043,대도시,코펜하겐,Copenhagen,"코펜하겐, copenhagen, københavn",normal,,,,,Copenhagen city street skyline landmark,이곳은 북유럽에 있습니다.,덴마크에 있는 도시입니다.,세계적으로 인지도가 높거나 인구·경제·문화 기능이 큰 대도시입니다.,자전거와 항구 문화가 유명합니다.,덴마크의 수도입니다.,코펜하겐는 덴마크의 도시입니다. 자전거와 항구 문화가 유명합니다. 덴마크의 수도입니다.,텍스트초안
MEGA-044,대도시,오슬로,Oslo,"오슬로, oslo",normal,,,,,Oslo city street skyline landmark,이곳은 북유럽에 있습니다.,노르웨이에 있는 도시입니다.,세계적으로 인지도가 높거나 인구·경제·문화 기능이 큰 대도시입니다.,피오르드와 가까운 북유럽 도시입니다.,노르웨이의 수도입니다.,오슬로는 노르웨이의 도시입니다. 피오르드와 가까운 북유럽 도시입니다. 노르웨이의 수도입니다.,텍스트초안
MEGA-045,대도시,헬싱키,Helsinki,"헬싱키, helsinki",normal,,,,,Helsinki city street skyline landmark,이곳은 북유럽에 있습니다.,핀란드에 있는 도시입니다.,세계적으로 인지도가 높거나 인구·경제·문화 기능이 큰 대도시입니다.,발트해 연안의 차분한 도시 경관이 특징입니다.,핀란드의 수도입니다.,헬싱키는 핀란드의 도시입니다. 발트해 연안의 차분한 도시 경관이 특징입니다. 핀란드의 수도입니다.,텍스트초안
MEGA-046,대도시,리스본,Lisbon,"리스본, lisbon, lisboa",easy,,,,,Lisbon city street skyline landmark,이곳은 서유럽에 있습니다.,포르투갈에 있는 도시입니다.,세계적으로 인지도가 높거나 인구·경제·문화 기능이 큰 대도시입니다.,"언덕, 트램, 대서양 항구 이미지가 강합니다.",포르투갈의 수도입니다.,"리스본는 포르투갈의 도시입니다. 언덕, 트램, 대서양 항구 이미지가 강합니다. 포르투갈의 수도입니다.",텍스트초안
MEGA-047,대도시,아테네,Athens,"아테네, athens",easy,,,,,Athens city street skyline landmark,이곳은 남유럽에 있습니다.,그리스에 있는 도시입니다.,세계적으로 인지도가 높거나 인구·경제·문화 기능이 큰 대도시입니다.,고대 유적이 도시 중심부에 남아 있습니다.,그리스의 수도입니다.,아테네는 그리스의 도시입니다. 고대 유적이 도시 중심부에 남아 있습니다. 그리스의 수도입니다.,텍스트초안
MEGA-048,대도시,두바이,Dubai,"두바이, dubai",easy,,,,,Dubai city street skyline landmark,이곳은 중동에 있습니다.,아랍에미리트에 있는 도시입니다.,세계적으로 인지도가 높거나 인구·경제·문화 기능이 큰 대도시입니다.,초고층 건물과 사막 도시 이미지가 강합니다.,부르즈 칼리파가 있는 도시입니다.,두바이는 아랍에미리트의 도시입니다. 초고층 건물과 사막 도시 이미지가 강합니다. 부르즈 칼리파가 있는 도시입니다.,텍스트초안
MEGA-049,대도시,아부다비,Abu Dhabi,"아부다비, abu dhabi",normal,,,,,Abu Dhabi city street skyline landmark,이곳은 중동에 있습니다.,아랍에미리트에 있는 도시입니다.,세계적으로 인지도가 높거나 인구·경제·문화 기능이 큰 대도시입니다.,현대 건축과 해안 도시 경관이 특징입니다.,아랍에미리트의 수도입니다.,아부다비는 아랍에미리트의 도시입니다. 현대 건축과 해안 도시 경관이 특징입니다. 아랍에미리트의 수도입니다.,텍스트초안
MEGA-050,대도시,도하,Doha,"도하, doha",normal,,,,,Doha city street skyline landmark,이곳은 중동에 있습니다.,카타르에 있는 도시입니다.,세계적으로 인지도가 높거나 인구·경제·문화 기능이 큰 대도시입니다.,걸프 해안의 현대적 스카이라인이 유명합니다.,카타르의 수도입니다.,도하는 카타르의 도시입니다. 걸프 해안의 현대적 스카이라인이 유명합니다. 카타르의 수도입니다.,텍스트초안
MEGA-051,대도시,리야드,Riyadh,"리야드, riyadh",normal,,,,,Riyadh city street skyline landmark,이곳은 중동에 있습니다.,사우디아라비아에 있는 도시입니다.,세계적으로 인지도가 높거나 인구·경제·문화 기능이 큰 대도시입니다.,사막 내륙의 대도시입니다.,사우디아라비아의 수도입니다.,리야드는 사우디아라비아의 도시입니다. 사막 내륙의 대도시입니다. 사우디아라비아의 수도입니다.,텍스트초안
MEGA-052,대도시,제다,Jeddah,"제다, jeddah",hard,,,,,Jeddah city street skyline landmark,이곳은 중동에 있습니다.,사우디아라비아에 있는 도시입니다.,세계적으로 인지도가 높거나 인구·경제·문화 기능이 큰 대도시입니다.,홍해 연안의 항구 도시입니다.,메카 순례 관문 역할을 하는 도시입니다.,제다는 사우디아라비아의 도시입니다. 홍해 연안의 항구 도시입니다. 메카 순례 관문 역할을 하는 도시입니다.,텍스트초안
MEGA-053,대도시,예루살렘,Jerusalem,"예루살렘, jerusalem",normal,,,,,Jerusalem city street skyline landmark,이곳은 중동에 있습니다.,이스라엘/팔레스타인 지역에 있는 도시입니다.,세계적으로 인지도가 높거나 인구·경제·문화 기능이 큰 대도시입니다.,세 종교의 성지가 모여 있습니다.,성벽과 오래된 구시가지가 유명합니다.,예루살렘는 이스라엘/팔레스타인 지역의 도시입니다. 세 종교의 성지가 모여 있습니다. 성벽과 오래된 구시가지가 유명합니다.,텍스트초안
MEGA-054,대도시,텔아비브,Tel Aviv,"텔아비브, tel aviv",hard,,,,,Tel Aviv city street skyline landmark,이곳은 중동에 있습니다.,이스라엘에 있는 도시입니다.,세계적으로 인지도가 높거나 인구·경제·문화 기능이 큰 대도시입니다.,지중해 해변과 현대 도시 문화가 강합니다.,이스라엘의 대표 경제·문화 도시입니다.,텔아비브는 이스라엘의 도시입니다. 지중해 해변과 현대 도시 문화가 강합니다. 이스라엘의 대표 경제·문화 도시입니다.,텍스트초안
MEGA-055,대도시,테헤란,Tehran,"테헤란, tehran",normal,,,,,Tehran city street skyline landmark,이곳은 중동에 있습니다.,이란에 있는 도시입니다.,세계적으로 인지도가 높거나 인구·경제·문화 기능이 큰 대도시입니다.,산맥을 배경으로 한 대도시입니다.,이란의 수도입니다.,테헤란는 이란의 도시입니다. 산맥을 배경으로 한 대도시입니다. 이란의 수도입니다.,텍스트초안
MEGA-056,대도시,바그다드,Baghdad,"바그다드, baghdad",hard,,,,,Baghdad city street skyline landmark,이곳은 중동에 있습니다.,이라크에 있는 도시입니다.,세계적으로 인지도가 높거나 인구·경제·문화 기능이 큰 대도시입니다.,티그리스강 주변의 오래된 도시입니다.,이라크의 수도입니다.,바그다드는 이라크의 도시입니다. 티그리스강 주변의 오래된 도시입니다. 이라크의 수도입니다.,텍스트초안
MEGA-057,대도시,암만,Amman,"암만, amman",hard,,,,,Amman city street skyline landmark,이곳은 중동에 있습니다.,요르단에 있는 도시입니다.,세계적으로 인지도가 높거나 인구·경제·문화 기능이 큰 대도시입니다.,언덕 위에 펼쳐진 중동 도시 경관이 특징입니다.,요르단의 수도입니다.,암만는 요르단의 도시입니다. 언덕 위에 펼쳐진 중동 도시 경관이 특징입니다. 요르단의 수도입니다.,텍스트초안
MEGA-058,대도시,베이루트,Beirut,"베이루트, beirut",hard,,,,,Beirut city street skyline landmark,이곳은 중동에 있습니다.,레바논에 있는 도시입니다.,세계적으로 인지도가 높거나 인구·경제·문화 기능이 큰 대도시입니다.,지중해 연안의 항구 도시입니다.,레바논의 수도입니다.,베이루트는 레바논의 도시입니다. 지중해 연안의 항구 도시입니다. 레바논의 수도입니다.,텍스트초안
MEGA-059,대도시,케이프타운,Cape Town,"케이프타운, cape town",normal,,,,,Cape Town city street skyline landmark,이곳은 아프리카 남부에 있습니다.,남아프리카공화국에 있는 도시입니다.,세계적으로 인지도가 높거나 인구·경제·문화 기능이 큰 대도시입니다.,바다와 평평한 산이 함께 보이는 도시입니다.,테이블마운틴으로 유명합니다.,케이프타운는 남아프리카공화국의 도시입니다. 바다와 평평한 산이 함께 보이는 도시입니다. 테이블마운틴으로 유명합니다.,텍스트초안
MEGA-060,대도시,요하네스버그,Johannesburg,"요하네스버그, johannesburg",hard,,,,,Johannesburg city street skyline landmark,이곳은 아프리카 남부에 있습니다.,남아프리카공화국에 있는 도시입니다.,세계적으로 인지도가 높거나 인구·경제·문화 기능이 큰 대도시입니다.,광산업과 금융 중심지로 성장했습니다.,남아프리카공화국의 대표 경제 도시입니다.,요하네스버그는 남아프리카공화국의 도시입니다. 광산업과 금융 중심지로 성장했습니다. 남아프리카공화국의 대표 경제 도시입니다.,텍스트초안
MEGA-061,대도시,나이로비,Nairobi,"나이로비, nairobi",normal,,,,,Nairobi city street skyline landmark,이곳은 동아프리카에 있습니다.,케냐에 있는 도시입니다.,세계적으로 인지도가 높거나 인구·경제·문화 기능이 큰 대도시입니다.,사파리와 국제기구 이미지가 함께 떠오릅니다.,케냐의 수도입니다.,나이로비는 케냐의 도시입니다. 사파리와 국제기구 이미지가 함께 떠오릅니다. 케냐의 수도입니다.,텍스트초안
MEGA-062,대도시,아디스아바바,Addis Ababa,"아디스아바바, addis ababa",hard,,,,,Addis Ababa city street skyline landmark,이곳은 동아프리카에 있습니다.,에티오피아에 있는 도시입니다.,세계적으로 인지도가 높거나 인구·경제·문화 기능이 큰 대도시입니다.,고지대에 있는 아프리카의 외교 중심지입니다.,에티오피아의 수도입니다.,아디스아바바는 에티오피아의 도시입니다. 고지대에 있는 아프리카의 외교 중심지입니다. 에티오피아의 수도입니다.,텍스트초안
MEGA-063,대도시,라고스,Lagos,"라고스, lagos",normal,,,,,Lagos city street skyline landmark,이곳은 서아프리카에 있습니다.,나이지리아에 있는 도시입니다.,세계적으로 인지도가 높거나 인구·경제·문화 기능이 큰 대도시입니다.,해안과 석호 주변에 발달한 거대 도시입니다.,나이지리아의 대표 경제 도시입니다.,라고스는 나이지리아의 도시입니다. 해안과 석호 주변에 발달한 거대 도시입니다. 나이지리아의 대표 경제 도시입니다.,텍스트초안
MEGA-064,대도시,아부자,Abuja,"아부자, abuja",hard,,,,,Abuja city street skyline landmark,이곳은 서아프리카에 있습니다.,나이지리아에 있는 도시입니다.,세계적으로 인지도가 높거나 인구·경제·문화 기능이 큰 대도시입니다.,계획도시 성격이 강한 내륙 도시입니다.,나이지리아의 수도입니다.,아부자는 나이지리아의 도시입니다. 계획도시 성격이 강한 내륙 도시입니다. 나이지리아의 수도입니다.,텍스트초안
MEGA-065,대도시,아크라,Accra,"아크라, accra",hard,,,,,Accra city street skyline landmark,이곳은 서아프리카에 있습니다.,가나에 있는 도시입니다.,세계적으로 인지도가 높거나 인구·경제·문화 기능이 큰 대도시입니다.,기니만 연안의 수도 도시입니다.,가나의 수도입니다.,아크라는 가나의 도시입니다. 기니만 연안의 수도 도시입니다. 가나의 수도입니다.,텍스트초안
MEGA-066,대도시,다카르,Dakar,"다카르, dakar",hard,,,,,Dakar city street skyline landmark,이곳은 서아프리카에 있습니다.,세네갈에 있는 도시입니다.,세계적으로 인지도가 높거나 인구·경제·문화 기능이 큰 대도시입니다.,대서양으로 돌출된 반도에 있습니다.,세네갈의 수도입니다.,다카르는 세네갈의 도시입니다. 대서양으로 돌출된 반도에 있습니다. 세네갈의 수도입니다.,텍스트초안
MEGA-067,대도시,알제,Algiers,"알제, 알제리, algiers",hard,,,,,Algiers city street skyline landmark,이곳은 북아프리카에 있습니다.,알제리에 있는 도시입니다.,세계적으로 인지도가 높거나 인구·경제·문화 기능이 큰 대도시입니다.,지중해와 언덕 도시 경관이 특징입니다.,알제리의 수도입니다.,알제는 알제리의 도시입니다. 지중해와 언덕 도시 경관이 특징입니다. 알제리의 수도입니다.,텍스트초안
MEGA-068,대도시,튀니스,Tunis,"튀니스, tunis",hard,,,,,Tunis city street skyline landmark,이곳은 북아프리카에 있습니다.,튀니지에 있는 도시입니다.,세계적으로 인지도가 높거나 인구·경제·문화 기능이 큰 대도시입니다.,카르타고 유적과 가까운 지중해 도시입니다.,튀니지의 수도입니다.,튀니스는 튀니지의 도시입니다. 카르타고 유적과 가까운 지중해 도시입니다. 튀니지의 수도입니다.,텍스트초안
MEGA-069,대도시,카사블랑카,Casablanca,"카사블랑카, casablanca",normal,,,,,Casablanca city street skyline landmark,이곳은 북아프리카에 있습니다.,모로코에 있는 도시입니다.,세계적으로 인지도가 높거나 인구·경제·문화 기능이 큰 대도시입니다.,대서양 연안의 항구 도시입니다.,모로코의 대표 경제 도시입니다.,카사블랑카는 모로코의 도시입니다. 대서양 연안의 항구 도시입니다. 모로코의 대표 경제 도시입니다.,텍스트초안
MEGA-070,대도시,마라케시,Marrakesh,"마라케시, marrakesh, marrakech",normal,,,,,Marrakesh city street skyline landmark,이곳은 북아프리카에 있습니다.,모로코에 있는 도시입니다.,세계적으로 인지도가 높거나 인구·경제·문화 기능이 큰 대도시입니다.,붉은 성벽과 시장으로 유명한 관광 도시입니다.,모로코의 대표 역사 도시입니다.,마라케시는 모로코의 도시입니다. 붉은 성벽과 시장으로 유명한 관광 도시입니다. 모로코의 대표 역사 도시입니다.,텍스트초안
MEGA-071,대도시,호치민시,Ho Chi Minh City,"호치민, 호찌민, ho chi minh city, saigon",normal,,,,,Ho Chi Minh City city street skyline landmark,이곳은 동남아시아에 있습니다.,베트남에 있는 도시입니다.,세계적으로 인지도가 높거나 인구·경제·문화 기능이 큰 대도시입니다.,오토바이와 활기찬 거리 풍경이 유명합니다.,옛 이름 사이공으로도 알려져 있습니다.,호치민시는 베트남의 도시입니다. 오토바이와 활기찬 거리 풍경이 유명합니다. 옛 이름 사이공으로도 알려져 있습니다.,텍스트초안
MEGA-072,대도시,하노이,Hanoi,"하노이, hanoi",normal,,,,,Hanoi city street skyline landmark,이곳은 동남아시아에 있습니다.,베트남에 있는 도시입니다.,세계적으로 인지도가 높거나 인구·경제·문화 기능이 큰 대도시입니다.,"호수와 구시가지, 프랑스풍 건축이 공존합니다.",베트남의 수도입니다.,"하노이는 베트남의 도시입니다. 호수와 구시가지, 프랑스풍 건축이 공존합니다. 베트남의 수도입니다.",텍스트초안
MEGA-073,대도시,쿠알라룸푸르,Kuala Lumpur,"쿠알라룸푸르, kuala lumpur, kl",easy,,,,,Kuala Lumpur city street skyline landmark,이곳은 동남아시아에 있습니다.,말레이시아에 있는 도시입니다.,세계적으로 인지도가 높거나 인구·경제·문화 기능이 큰 대도시입니다.,쌍둥이 빌딩이 대표 상징입니다.,말레이시아의 수도입니다.,쿠알라룸푸르는 말레이시아의 도시입니다. 쌍둥이 빌딩이 대표 상징입니다. 말레이시아의 수도입니다.,텍스트초안
MEGA-074,대도시,싱가포르,Singapore,"싱가포르, singapore",easy,,,,,Singapore city street skyline landmark,이곳은 동남아시아에 있습니다.,싱가포르에 있는 도시입니다.,세계적으로 인지도가 높거나 인구·경제·문화 기능이 큰 대도시입니다.,도시국가이자 금융·항만 중심지입니다.,마리나 베이와 머라이언으로 유명합니다.,싱가포르는 싱가포르의 도시입니다. 도시국가이자 금융·항만 중심지입니다. 마리나 베이와 머라이언으로 유명합니다.,텍스트초안
MEGA-075,대도시,홍콩,Hong Kong,"홍콩, hong kong",easy,,,,,Hong Kong city street skyline landmark,이곳은 동아시아에 있습니다.,중국에 있는 도시입니다.,세계적으로 인지도가 높거나 인구·경제·문화 기능이 큰 대도시입니다.,빅토리아 항구와 고밀도 스카이라인이 유명합니다.,중국의 특별행정구입니다.,홍콩는 중국의 도시입니다. 빅토리아 항구와 고밀도 스카이라인이 유명합니다. 중국의 특별행정구입니다.,텍스트초안
MEGA-076,대도시,타이베이,Taipei,"타이베이, taipei",normal,,,,,Taipei city street skyline landmark,이곳은 동아시아에 있습니다.,대만에 있는 도시입니다.,세계적으로 인지도가 높거나 인구·경제·문화 기능이 큰 대도시입니다.,야시장과 초고층 빌딩이 유명합니다.,타이베이 101이 대표 상징입니다.,타이베이는 대만의 도시입니다. 야시장과 초고층 빌딩이 유명합니다. 타이베이 101이 대표 상징입니다.,텍스트초안
MEGA-077,대도시,광저우,Guangzhou,"광저우, 광주, guangzhou, canton",hard,,,,,Guangzhou city street skyline landmark,이곳은 동아시아에 있습니다.,중국에 있는 도시입니다.,세계적으로 인지도가 높거나 인구·경제·문화 기능이 큰 대도시입니다.,주강 삼각주 지역의 핵심 도시입니다.,중국 남부의 대표 상업 도시입니다.,광저우는 중국의 도시입니다. 주강 삼각주 지역의 핵심 도시입니다. 중국 남부의 대표 상업 도시입니다.,텍스트초안
MEGA-078,대도시,선전,Shenzhen,"선전, 심천, shenzhen",hard,,,,,Shenzhen city street skyline landmark,이곳은 동아시아에 있습니다.,중국에 있는 도시입니다.,세계적으로 인지도가 높거나 인구·경제·문화 기능이 큰 대도시입니다.,전자산업과 스타트업 이미지가 강합니다.,홍콩과 가까운 중국 남부 도시입니다.,선전는 중국의 도시입니다. 전자산업과 스타트업 이미지가 강합니다. 홍콩과 가까운 중국 남부 도시입니다.,텍스트초안
MEGA-079,대도시,청두,Chengdu,"청두, 성도, chengdu",hard,,,,,Chengdu city street skyline landmark,이곳은 동아시아에 있습니다.,중국에 있는 도시입니다.,세계적으로 인지도가 높거나 인구·경제·문화 기능이 큰 대도시입니다.,판다와 매운 음식으로 유명합니다.,중국 쓰촨성의 중심 도시입니다.,청두는 중국의 도시입니다. 판다와 매운 음식으로 유명합니다. 중국 쓰촨성의 중심 도시입니다.,텍스트초안
MEGA-080,대도시,충칭,Chongqing,"충칭, 중경, chongqing",hard,,,,,Chongqing city street skyline landmark,이곳은 동아시아에 있습니다.,중국에 있는 도시입니다.,세계적으로 인지도가 높거나 인구·경제·문화 기능이 큰 대도시입니다.,산과 강이 많은 입체적인 도시 구조가 특징입니다.,중국 서남부의 대도시입니다.,충칭는 중국의 도시입니다. 산과 강이 많은 입체적인 도시 구조가 특징입니다. 중국 서남부의 대도시입니다.,텍스트초안
MEGA-081,대도시,우한,Wuhan,"우한, 무한, wuhan",hard,,,,,Wuhan city street skyline landmark,이곳은 동아시아에 있습니다.,중국에 있는 도시입니다.,세계적으로 인지도가 높거나 인구·경제·문화 기능이 큰 대도시입니다.,양쯔강과 한강이 만나는 내륙 도시입니다.,중국 후베이성의 중심 도시입니다.,우한는 중국의 도시입니다. 양쯔강과 한강이 만나는 내륙 도시입니다. 중국 후베이성의 중심 도시입니다.,텍스트초안
MEGA-082,대도시,톈진,Tianjin,"톈진, 천진, tianjin",hard,,,,,Tianjin city street skyline landmark,이곳은 동아시아에 있습니다.,중국에 있는 도시입니다.,세계적으로 인지도가 높거나 인구·경제·문화 기능이 큰 대도시입니다.,베이징과 가까운 항구 도시입니다.,중국 북부의 직할시입니다.,톈진는 중국의 도시입니다. 베이징과 가까운 항구 도시입니다. 중국 북부의 직할시입니다.,텍스트초안
MEGA-083,대도시,난징,Nanjing,"난징, 남경, nanjing",hard,,,,,Nanjing city street skyline landmark,이곳은 동아시아에 있습니다.,중국에 있는 도시입니다.,세계적으로 인지도가 높거나 인구·경제·문화 기능이 큰 대도시입니다.,오랜 수도 역사를 가진 도시입니다.,중국 장쑤성의 중심 도시입니다.,난징는 중국의 도시입니다. 오랜 수도 역사를 가진 도시입니다. 중국 장쑤성의 중심 도시입니다.,텍스트초안
MEGA-084,대도시,항저우,Hangzhou,"항저우, 항주, hangzhou",normal,,,,,Hangzhou city street skyline landmark,이곳은 동아시아에 있습니다.,중국에 있는 도시입니다.,세계적으로 인지도가 높거나 인구·경제·문화 기능이 큰 대도시입니다.,호수와 디지털 기업 이미지가 함께 있습니다.,서호로 유명한 중국 도시입니다.,항저우는 중국의 도시입니다. 호수와 디지털 기업 이미지가 함께 있습니다. 서호로 유명한 중국 도시입니다.,텍스트초안
MEGA-085,대도시,시안,Xian,"시안, 서안, xian, xi’an",normal,,,,,Xian city street skyline landmark,이곳은 동아시아에 있습니다.,중국에 있는 도시입니다.,세계적으로 인지도가 높거나 인구·경제·문화 기능이 큰 대도시입니다.,고대 왕조의 수도였던 역사 도시입니다.,병마용과 가까운 도시입니다.,시안는 중국의 도시입니다. 고대 왕조의 수도였던 역사 도시입니다. 병마용과 가까운 도시입니다.,텍스트초안
MEGA-086,대도시,부산,Busan,"부산, busan",normal,,,,,Busan city street skyline landmark,이곳은 동아시아에 있습니다.,대한민국에 있는 도시입니다.,세계적으로 인지도가 높거나 인구·경제·문화 기능이 큰 대도시입니다.,항구와 해변이 발달한 도시입니다.,대한민국 남동부의 대표 해양 도시입니다.,부산는 대한민국의 도시입니다. 항구와 해변이 발달한 도시입니다. 대한민국 남동부의 대표 해양 도시입니다.,텍스트초안
MEGA-087,대도시,후쿠오카,Fukuoka,"후쿠오카, fukuoka",hard,,,,,Fukuoka city street skyline landmark,이곳은 동아시아에 있습니다.,일본에 있는 도시입니다.,세계적으로 인지도가 높거나 인구·경제·문화 기능이 큰 대도시입니다.,일본과 아시아를 잇는 관문 도시입니다.,규슈 지방의 대표 도시입니다.,후쿠오카는 일본의 도시입니다. 일본과 아시아를 잇는 관문 도시입니다. 규슈 지방의 대표 도시입니다.,텍스트초안
MEGA-088,대도시,삿포로,Sapporo,"삿포로, sapporo",normal,,,,,Sapporo city street skyline landmark,이곳은 동아시아에 있습니다.,일본에 있는 도시입니다.,세계적으로 인지도가 높거나 인구·경제·문화 기능이 큰 대도시입니다.,눈 축제와 맥주로 유명한 북쪽 도시입니다.,홋카이도의 중심 도시입니다.,삿포로는 일본의 도시입니다. 눈 축제와 맥주로 유명한 북쪽 도시입니다. 홋카이도의 중심 도시입니다.,텍스트초안
MEGA-089,대도시,나고야,Nagoya,"나고야, nagoya",hard,,,,,Nagoya city street skyline landmark,이곳은 동아시아에 있습니다.,일본에 있는 도시입니다.,세계적으로 인지도가 높거나 인구·경제·문화 기능이 큰 대도시입니다.,제조업과 자동차 산업 이미지가 강합니다.,도쿄와 오사카 사이의 대도시입니다.,나고야는 일본의 도시입니다. 제조업과 자동차 산업 이미지가 강합니다. 도쿄와 오사카 사이의 대도시입니다.,텍스트초안
MEGA-090,대도시,멜버른,Melbourne,"멜버른, melbourne",normal,,,,,Melbourne city street skyline landmark,이곳은 오세아니아에 있습니다.,호주에 있는 도시입니다.,세계적으로 인지도가 높거나 인구·경제·문화 기능이 큰 대도시입니다.,"커피, 예술, 스포츠 문화가 강합니다.",호주 남동부의 대표 도시입니다.,"멜버른는 호주의 도시입니다. 커피, 예술, 스포츠 문화가 강합니다. 호주 남동부의 대표 도시입니다.",텍스트초안
MEGA-091,대도시,시드니,Sydney,"시드니, sydney",easy,,,,,Sydney city street skyline landmark,이곳은 오세아니아에 있습니다.,호주에 있는 도시입니다.,세계적으로 인지도가 높거나 인구·경제·문화 기능이 큰 대도시입니다.,항구와 오페라 하우스가 유명합니다.,호주의 대표 국제 도시입니다.,시드니는 호주의 도시입니다. 항구와 오페라 하우스가 유명합니다. 호주의 대표 국제 도시입니다.,텍스트초안
MEGA-092,대도시,오클랜드,Auckland,"오클랜드, auckland",normal,,,,,Auckland city street skyline landmark,이곳은 오세아니아에 있습니다.,뉴질랜드에 있는 도시입니다.,세계적으로 인지도가 높거나 인구·경제·문화 기능이 큰 대도시입니다.,화산 지형과 항구 도시 경관이 특징입니다.,뉴질랜드 최대 도시로 알려져 있습니다.,오클랜드는 뉴질랜드의 도시입니다. 화산 지형과 항구 도시 경관이 특징입니다. 뉴질랜드 최대 도시로 알려져 있습니다.,텍스트초안
MEGA-093,대도시,웰링턴,Wellington,"웰링턴, wellington",normal,,,,,Wellington city street skyline landmark,이곳은 오세아니아에 있습니다.,뉴질랜드에 있는 도시입니다.,세계적으로 인지도가 높거나 인구·경제·문화 기능이 큰 대도시입니다.,바람이 강하고 항구가 있는 도시입니다.,뉴질랜드의 수도입니다.,웰링턴는 뉴질랜드의 도시입니다. 바람이 강하고 항구가 있는 도시입니다. 뉴질랜드의 수도입니다.,텍스트초안
MEGA-094,대도시,몬트리올,Montreal,"몬트리올, montreal, montréal",normal,,,,,Montreal city street skyline landmark,이곳은 북아메리카에 있습니다.,캐나다에 있는 도시입니다.,세계적으로 인지도가 높거나 인구·경제·문화 기능이 큰 대도시입니다.,프랑스어 문화가 강한 북미 도시입니다.,캐나다 퀘벡주의 대표 도시입니다.,몬트리올는 캐나다의 도시입니다. 프랑스어 문화가 강한 북미 도시입니다. 캐나다 퀘벡주의 대표 도시입니다.,텍스트초안
MEGA-095,대도시,밴쿠버,Vancouver,"밴쿠버, vancouver",easy,,,,,Vancouver city street skyline landmark,이곳은 북아메리카에 있습니다.,캐나다에 있는 도시입니다.,세계적으로 인지도가 높거나 인구·경제·문화 기능이 큰 대도시입니다.,산과 바다가 가까운 서부 해안 도시입니다.,캐나다 서부의 대표 도시입니다.,밴쿠버는 캐나다의 도시입니다. 산과 바다가 가까운 서부 해안 도시입니다. 캐나다 서부의 대표 도시입니다.,텍스트초안
MEGA-096,대도시,워싱턴 D.C.,Washington D.C.,"워싱턴, 워싱턴 D.C., washington dc, washington d.c.",easy,,,,,Washington D.C. city street skyline landmark,이곳은 북아메리카에 있습니다.,미국에 있는 도시입니다.,세계적으로 인지도가 높거나 인구·경제·문화 기능이 큰 대도시입니다.,기념비와 정부 청사가 많은 계획도시입니다.,미국의 수도입니다.,워싱턴 D.C.는 미국의 도시입니다. 기념비와 정부 청사가 많은 계획도시입니다. 미국의 수도입니다.,텍스트초안
MEGA-097,대도시,샌프란시스코,San Francisco,"샌프란시스코, san francisco, sf",easy,,,,,San Francisco city street skyline landmark,이곳은 북아메리카에 있습니다.,미국에 있는 도시입니다.,세계적으로 인지도가 높거나 인구·경제·문화 기능이 큰 대도시입니다.,"언덕, 케이블카, 금문교가 유명합니다.",미국 캘리포니아 북부의 대표 도시입니다.,"샌프란시스코는 미국의 도시입니다. 언덕, 케이블카, 금문교가 유명합니다. 미국 캘리포니아 북부의 대표 도시입니다.",텍스트초안
MEGA-098,대도시,마이애미,Miami,"마이애미, miami",normal,,,,,Miami city street skyline landmark,이곳은 북아메리카에 있습니다.,미국에 있는 도시입니다.,세계적으로 인지도가 높거나 인구·경제·문화 기능이 큰 대도시입니다.,해변과 라틴 문화가 강한 도시입니다.,미국 플로리다 남부의 대표 도시입니다.,마이애미는 미국의 도시입니다. 해변과 라틴 문화가 강한 도시입니다. 미국 플로리다 남부의 대표 도시입니다.,텍스트초안
MEGA-099,대도시,휴스턴,Houston,"휴스턴, houston",hard,,,,,Houston city street skyline landmark,이곳은 북아메리카에 있습니다.,미국에 있는 도시입니다.,세계적으로 인지도가 높거나 인구·경제·문화 기능이 큰 대도시입니다.,에너지 산업과 우주항공 이미지가 강합니다.,미국 텍사스주의 대표 대도시입니다.,휴스턴는 미국의 도시입니다. 에너지 산업과 우주항공 이미지가 강합니다. 미국 텍사스주의 대표 대도시입니다.,텍스트초안
MEGA-100,대도시,피닉스,Phoenix,"피닉스, phoenix",hard,,,,,Phoenix city street skyline landmark,이곳은 북아메리카에 있습니다.,미국에 있는 도시입니다.,세계적으로 인지도가 높거나 인구·경제·문화 기능이 큰 대도시입니다.,사막 기후와 넓게 퍼진 도시권이 특징입니다.,미국 애리조나주의 주도입니다.,피닉스는 미국의 도시입니다. 사막 기후와 넓게 퍼진 도시권이 특징입니다. 미국 애리조나주의 주도입니다.,텍스트초안
MID-001,중도시,교토,Kyoto,"교토, kyoto",normal,,,,,Kyoto city street skyline landmark,이곳은 동아시아에 있습니다.,일본에 있는 도시입니다.,"대도시보다는 작지만 역사, 관광, 행정, 지역 거점 기능이 뚜렷한 도시입니다.",전통 사찰과 일본식 거리가 유명합니다.,일본 간사이 지방의 역사 도시입니다.,교토는 일본의 도시입니다. 전통 사찰과 일본식 거리가 유명합니다. 일본 간사이 지방의 역사 도시입니다.,텍스트초안
MID-002,중도시,베네치아,Venice,"베네치아, 베니스, venice, venezia",normal,,,,,Venice city street skyline landmark,이곳은 남유럽에 있습니다.,이탈리아에 있는 도시입니다.,"대도시보다는 작지만 역사, 관광, 행정, 지역 거점 기능이 뚜렷한 도시입니다.",운하와 곤돌라가 대표 이미지입니다.,이탈리아 북동부의 수상 도시입니다.,베네치아는 이탈리아의 도시입니다. 운하와 곤돌라가 대표 이미지입니다. 이탈리아 북동부의 수상 도시입니다.,텍스트초안
MID-003,중도시,피렌체,Florence,"피렌체, 플로렌스, florence, firenze",normal,,,,,Florence city street skyline landmark,이곳은 남유럽에 있습니다.,이탈리아에 있는 도시입니다.,"대도시보다는 작지만 역사, 관광, 행정, 지역 거점 기능이 뚜렷한 도시입니다.",르네상스 예술과 대성당이 유명합니다.,이탈리아 토스카나의 중심 도시입니다.,피렌체는 이탈리아의 도시입니다. 르네상스 예술과 대성당이 유명합니다. 이탈리아 토스카나의 중심 도시입니다.,텍스트초안
MID-004,중도시,나폴리,Naples,"나폴리, naples, napoli",normal,,,,,Naples city street skyline landmark,이곳은 남유럽에 있습니다.,이탈리아에 있는 도시입니다.,"대도시보다는 작지만 역사, 관광, 행정, 지역 거점 기능이 뚜렷한 도시입니다.","피자와 화산, 항구 도시 이미지가 강합니다.",베수비오 화산과 가까운 이탈리아 도시입니다.,"나폴리는 이탈리아의 도시입니다. 피자와 화산, 항구 도시 이미지가 강합니다. 베수비오 화산과 가까운 이탈리아 도시입니다.",텍스트초안
MID-005,중도시,세비야,Seville,"세비야, seville, sevilla",normal,,,,,Seville city street skyline landmark,이곳은 서유럽에 있습니다.,스페인에 있는 도시입니다.,"대도시보다는 작지만 역사, 관광, 행정, 지역 거점 기능이 뚜렷한 도시입니다.",플라멩코와 이슬람풍 건축이 유명합니다.,스페인 안달루시아 지방의 대표 도시입니다.,세비야는 스페인의 도시입니다. 플라멩코와 이슬람풍 건축이 유명합니다. 스페인 안달루시아 지방의 대표 도시입니다.,텍스트초안
MID-006,중도시,그라나다,Granada,"그라나다, granada",normal,,,,,Granada city street skyline landmark,이곳은 서유럽에 있습니다.,스페인에 있는 도시입니다.,"대도시보다는 작지만 역사, 관광, 행정, 지역 거점 기능이 뚜렷한 도시입니다.",궁전과 산악 배경이 유명합니다.,알람브라 궁전이 있는 도시입니다.,그라나다는 스페인의 도시입니다. 궁전과 산악 배경이 유명합니다. 알람브라 궁전이 있는 도시입니다.,텍스트초안
MID-007,중도시,발렌시아,Valencia,"발렌시아, valencia",normal,,,,,Valencia city street skyline landmark,이곳은 서유럽에 있습니다.,스페인에 있는 도시입니다.,"대도시보다는 작지만 역사, 관광, 행정, 지역 거점 기능이 뚜렷한 도시입니다.",현대 건축과 지중해 해안이 함께 떠오릅니다.,스페인 동부의 대표 도시입니다.,발렌시아는 스페인의 도시입니다. 현대 건축과 지중해 해안이 함께 떠오릅니다. 스페인 동부의 대표 도시입니다.,텍스트초안
MID-008,중도시,포르투,Porto,"포르투, porto, oporto",normal,,,,,Porto city street skyline landmark,이곳은 서유럽에 있습니다.,포르투갈에 있는 도시입니다.,"대도시보다는 작지만 역사, 관광, 행정, 지역 거점 기능이 뚜렷한 도시입니다.",강변과 포트 와인으로 유명합니다.,포르투갈 북부의 대표 도시입니다.,포르투는 포르투갈의 도시입니다. 강변과 포트 와인으로 유명합니다. 포르투갈 북부의 대표 도시입니다.,텍스트초안
MID-009,중도시,브뤼헤,Bruges,"브뤼헤, 브루게, bruges, brugge",normal,,,,,Bruges city street skyline landmark,이곳은 서유럽에 있습니다.,벨기에에 있는 도시입니다.,"대도시보다는 작지만 역사, 관광, 행정, 지역 거점 기능이 뚜렷한 도시입니다.",중세 도시 경관과 운하가 유명합니다.,벨기에의 대표 관광 도시입니다.,브뤼헤는 벨기에의 도시입니다. 중세 도시 경관과 운하가 유명합니다. 벨기에의 대표 관광 도시입니다.,텍스트초안
MID-010,중도시,겐트,Ghent,"겐트, ghent, gent",hard,,,,,Ghent city street skyline landmark,이곳은 서유럽에 있습니다.,벨기에에 있는 도시입니다.,"대도시보다는 작지만 역사, 관광, 행정, 지역 거점 기능이 뚜렷한 도시입니다.",중세 건축과 대학 도시 분위기가 있습니다.,벨기에 플랑드르 지역의 도시입니다.,겐트는 벨기에의 도시입니다. 중세 건축과 대학 도시 분위기가 있습니다. 벨기에 플랑드르 지역의 도시입니다.,텍스트초안
MID-011,중도시,로테르담,Rotterdam,"로테르담, rotterdam",normal,,,,,Rotterdam city street skyline landmark,이곳은 서유럽에 있습니다.,네덜란드에 있는 도시입니다.,"대도시보다는 작지만 역사, 관광, 행정, 지역 거점 기능이 뚜렷한 도시입니다.",현대 건축과 항구가 유명합니다.,네덜란드의 대표 항구 도시입니다.,로테르담는 네덜란드의 도시입니다. 현대 건축과 항구가 유명합니다. 네덜란드의 대표 항구 도시입니다.,텍스트초안
MID-012,중도시,헤이그,The Hague,"헤이그, the hague, den haag",hard,,,,,The Hague city street skyline landmark,이곳은 서유럽에 있습니다.,네덜란드에 있는 도시입니다.,"대도시보다는 작지만 역사, 관광, 행정, 지역 거점 기능이 뚜렷한 도시입니다.",국제 법원과 정부 기관이 있습니다.,네덜란드의 행정 중심 도시입니다.,헤이그는 네덜란드의 도시입니다. 국제 법원과 정부 기관이 있습니다. 네덜란드의 행정 중심 도시입니다.,텍스트초안
MID-013,중도시,에든버러,Edinburgh,"에든버러, edinburgh",normal,,,,,Edinburgh city street skyline landmark,이곳은 서유럽에 있습니다.,영국에 있는 도시입니다.,"대도시보다는 작지만 역사, 관광, 행정, 지역 거점 기능이 뚜렷한 도시입니다.",성곽과 언덕 도시 경관이 유명합니다.,스코틀랜드의 수도입니다.,에든버러는 영국의 도시입니다. 성곽과 언덕 도시 경관이 유명합니다. 스코틀랜드의 수도입니다.,텍스트초안
MID-014,중도시,맨체스터,Manchester,"맨체스터, manchester",normal,,,,,Manchester city street skyline landmark,이곳은 서유럽에 있습니다.,영국에 있는 도시입니다.,"대도시보다는 작지만 역사, 관광, 행정, 지역 거점 기능이 뚜렷한 도시입니다.",산업혁명과 축구 문화가 떠오릅니다.,잉글랜드 북서부의 대표 도시입니다.,맨체스터는 영국의 도시입니다. 산업혁명과 축구 문화가 떠오릅니다. 잉글랜드 북서부의 대표 도시입니다.,텍스트초안
MID-015,중도시,리버풀,Liverpool,"리버풀, liverpool",normal,,,,,Liverpool city street skyline landmark,이곳은 서유럽에 있습니다.,영국에 있는 도시입니다.,"대도시보다는 작지만 역사, 관광, 행정, 지역 거점 기능이 뚜렷한 도시입니다.",항구와 음악 문화가 유명합니다.,비틀즈의 도시로도 알려져 있습니다.,리버풀는 영국의 도시입니다. 항구와 음악 문화가 유명합니다. 비틀즈의 도시로도 알려져 있습니다.,텍스트초안
MID-016,중도시,글래스고,Glasgow,"글래스고, glasgow",hard,,,,,Glasgow city street skyline landmark,이곳은 서유럽에 있습니다.,영국에 있는 도시입니다.,"대도시보다는 작지만 역사, 관광, 행정, 지역 거점 기능이 뚜렷한 도시입니다.",공업 도시에서 문화 도시로 변신한 곳입니다.,스코틀랜드 최대 도시로 알려져 있습니다.,글래스고는 영국의 도시입니다. 공업 도시에서 문화 도시로 변신한 곳입니다. 스코틀랜드 최대 도시로 알려져 있습니다.,텍스트초안
MID-017,중도시,옥스퍼드,Oxford,"옥스퍼드, oxford",easy,,,,,Oxford city street skyline landmark,이곳은 서유럽에 있습니다.,영국에 있는 도시입니다.,"대도시보다는 작지만 역사, 관광, 행정, 지역 거점 기능이 뚜렷한 도시입니다.",오랜 대학 도시 이미지가 강합니다.,영국의 대표적인 학문 도시입니다.,옥스퍼드는 영국의 도시입니다. 오랜 대학 도시 이미지가 강합니다. 영국의 대표적인 학문 도시입니다.,텍스트초안
MID-018,중도시,케임브리지,Cambridge,"케임브리지, cambridge",easy,,,,,Cambridge city street skyline landmark,이곳은 서유럽에 있습니다.,영국에 있는 도시입니다.,"대도시보다는 작지만 역사, 관광, 행정, 지역 거점 기능이 뚜렷한 도시입니다.",대학과 강변 풍경이 유명합니다.,영국의 대표적인 대학 도시입니다.,케임브리지는 영국의 도시입니다. 대학과 강변 풍경이 유명합니다. 영국의 대표적인 대학 도시입니다.,텍스트초안
MID-019,중도시,잘츠부르크,Salzburg,"잘츠부르크, salzburg",normal,,,,,Salzburg city street skyline landmark,이곳은 중부유럽에 있습니다.,오스트리아에 있는 도시입니다.,"대도시보다는 작지만 역사, 관광, 행정, 지역 거점 기능이 뚜렷한 도시입니다.",음악과 알프스 풍경이 어울립니다.,모차르트의 고향으로 유명합니다.,잘츠부르크는 오스트리아의 도시입니다. 음악과 알프스 풍경이 어울립니다. 모차르트의 고향으로 유명합니다.,텍스트초안
MID-020,중도시,인스브루크,Innsbruck,"인스브루크, innsbruck",normal,,,,,Innsbruck city street skyline landmark,이곳은 중부유럽에 있습니다.,오스트리아에 있는 도시입니다.,"대도시보다는 작지만 역사, 관광, 행정, 지역 거점 기능이 뚜렷한 도시입니다.",알프스 산맥에 둘러싸인 도시입니다.,동계 스포츠 도시로 유명합니다.,인스브루크는 오스트리아의 도시입니다. 알프스 산맥에 둘러싸인 도시입니다. 동계 스포츠 도시로 유명합니다.,텍스트초안
MID-021,중도시,프라하,Prague,"프라하, prague, praha",easy,,,,,Prague city street skyline landmark,이곳은 중부유럽에 있습니다.,체코에 있는 도시입니다.,"대도시보다는 작지만 역사, 관광, 행정, 지역 거점 기능이 뚜렷한 도시입니다.","성, 다리, 구시가지 광장이 유명합니다.",체코의 수도입니다.,"프라하는 체코의 도시입니다. 성, 다리, 구시가지 광장이 유명합니다. 체코의 수도입니다.",텍스트초안
MID-022,중도시,브르노,Brno,"브르노, brno",hard,,,,,Brno city street skyline landmark,이곳은 중부유럽에 있습니다.,체코에 있는 도시입니다.,"대도시보다는 작지만 역사, 관광, 행정, 지역 거점 기능이 뚜렷한 도시입니다.",대학과 산업 기능이 있는 도시입니다.,체코 제2의 도시로 알려져 있습니다.,브르노는 체코의 도시입니다. 대학과 산업 기능이 있는 도시입니다. 체코 제2의 도시로 알려져 있습니다.,텍스트초안
MID-023,중도시,크라쿠프,Krakow,"크라쿠프, krakow, kraków",normal,,,,,Krakow city street skyline landmark,이곳은 중부유럽에 있습니다.,폴란드에 있는 도시입니다.,"대도시보다는 작지만 역사, 관광, 행정, 지역 거점 기능이 뚜렷한 도시입니다.",중세 광장과 역사 지구가 유명합니다.,폴란드 남부의 대표 역사 도시입니다.,크라쿠프는 폴란드의 도시입니다. 중세 광장과 역사 지구가 유명합니다. 폴란드 남부의 대표 역사 도시입니다.,텍스트초안
MID-024,중도시,그단스크,Gdansk,"그단스크, gdansk, gdańsk",hard,,,,,Gdansk city street skyline landmark,이곳은 중부유럽에 있습니다.,폴란드에 있는 도시입니다.,"대도시보다는 작지만 역사, 관광, 행정, 지역 거점 기능이 뚜렷한 도시입니다.",발트해 항구와 한자동맹 분위기가 있습니다.,폴란드 북부의 대표 항구 도시입니다.,그단스크는 폴란드의 도시입니다. 발트해 항구와 한자동맹 분위기가 있습니다. 폴란드 북부의 대표 항구 도시입니다.,텍스트초안
MID-025,중도시,부다페스트,Budapest,"부다페스트, budapest",easy,,,,,Budapest city street skyline landmark,이곳은 중부유럽에 있습니다.,헝가리에 있는 도시입니다.,"대도시보다는 작지만 역사, 관광, 행정, 지역 거점 기능이 뚜렷한 도시입니다.",강 양쪽의 언덕과 의회 건물이 유명합니다.,헝가리의 수도입니다.,부다페스트는 헝가리의 도시입니다. 강 양쪽의 언덕과 의회 건물이 유명합니다. 헝가리의 수도입니다.,텍스트초안
MID-026,중도시,브라티슬라바,Bratislava,"브라티슬라바, bratislava",hard,,,,,Bratislava city street skyline landmark,이곳은 중부유럽에 있습니다.,슬로바키아에 있는 도시입니다.,"대도시보다는 작지만 역사, 관광, 행정, 지역 거점 기능이 뚜렷한 도시입니다.",다뉴브강과 성이 보이는 작은 수도입니다.,슬로바키아의 수도입니다.,브라티슬라바는 슬로바키아의 도시입니다. 다뉴브강과 성이 보이는 작은 수도입니다. 슬로바키아의 수도입니다.,텍스트초안
MID-027,중도시,류블랴나,Ljubljana,"류블랴나, ljubljana",hard,,,,,Ljubljana city street skyline landmark,이곳은 중부유럽에 있습니다.,슬로베니아에 있는 도시입니다.,"대도시보다는 작지만 역사, 관광, 행정, 지역 거점 기능이 뚜렷한 도시입니다.",작은 강변 도시와 성이 특징입니다.,슬로베니아의 수도입니다.,류블랴나는 슬로베니아의 도시입니다. 작은 강변 도시와 성이 특징입니다. 슬로베니아의 수도입니다.,텍스트초안
MID-028,중도시,자그레브,Zagreb,"자그레브, zagreb",hard,,,,,Zagreb city street skyline landmark,이곳은 남동유럽에 있습니다.,크로아티아에 있는 도시입니다.,"대도시보다는 작지만 역사, 관광, 행정, 지역 거점 기능이 뚜렷한 도시입니다.",구시가지와 광장이 있는 내륙 도시입니다.,크로아티아의 수도입니다.,자그레브는 크로아티아의 도시입니다. 구시가지와 광장이 있는 내륙 도시입니다. 크로아티아의 수도입니다.,텍스트초안
MID-029,중도시,두브로브니크,Dubrovnik,"두브로브니크, dubrovnik",normal,,,,,Dubrovnik city street skyline landmark,이곳은 남유럽에 있습니다.,크로아티아에 있는 도시입니다.,"대도시보다는 작지만 역사, 관광, 행정, 지역 거점 기능이 뚜렷한 도시입니다.",성벽과 아드리아해 풍경이 유명합니다.,크로아티아의 대표 해안 관광 도시입니다.,두브로브니크는 크로아티아의 도시입니다. 성벽과 아드리아해 풍경이 유명합니다. 크로아티아의 대표 해안 관광 도시입니다.,텍스트초안
MID-030,중도시,스플리트,Split,"스플리트, split",hard,,,,,Split city street skyline landmark,이곳은 남유럽에 있습니다.,크로아티아에 있는 도시입니다.,"대도시보다는 작지만 역사, 관광, 행정, 지역 거점 기능이 뚜렷한 도시입니다.",고대 궁전과 해안 도시가 결합되어 있습니다.,디오클레티아누스 궁전으로 유명합니다.,스플리트는 크로아티아의 도시입니다. 고대 궁전과 해안 도시가 결합되어 있습니다. 디오클레티아누스 궁전으로 유명합니다.,텍스트초안
MID-031,중도시,사라예보,Sarajevo,"사라예보, sarajevo",hard,,,,,Sarajevo city street skyline landmark,이곳은 남동유럽에 있습니다.,보스니아 헤르체고비나에 있는 도시입니다.,"대도시보다는 작지만 역사, 관광, 행정, 지역 거점 기능이 뚜렷한 도시입니다.",동서양 문화가 섞인 도시입니다.,보스니아 헤르체고비나의 수도입니다.,사라예보는 보스니아 헤르체고비나의 도시입니다. 동서양 문화가 섞인 도시입니다. 보스니아 헤르체고비나의 수도입니다.,텍스트초안
MID-032,중도시,베오그라드,Belgrade,"베오그라드, belgrade",hard,,,,,Belgrade city street skyline landmark,이곳은 남동유럽에 있습니다.,세르비아에 있는 도시입니다.,"대도시보다는 작지만 역사, 관광, 행정, 지역 거점 기능이 뚜렷한 도시입니다.",두 강이 만나는 요충지에 있습니다.,세르비아의 수도입니다.,베오그라드는 세르비아의 도시입니다. 두 강이 만나는 요충지에 있습니다. 세르비아의 수도입니다.,텍스트초안
MID-033,중도시,소피아,Sofia,"소피아, sofia",hard,,,,,Sofia city street skyline landmark,이곳은 남동유럽에 있습니다.,불가리아에 있는 도시입니다.,"대도시보다는 작지만 역사, 관광, 행정, 지역 거점 기능이 뚜렷한 도시입니다.",산을 배경으로 한 발칸의 수도입니다.,불가리아의 수도입니다.,소피아는 불가리아의 도시입니다. 산을 배경으로 한 발칸의 수도입니다. 불가리아의 수도입니다.,텍스트초안
MID-034,중도시,부쿠레슈티,Bucharest,"부쿠레슈티, bucharest",hard,,,,,Bucharest city street skyline landmark,이곳은 동유럽에 있습니다.,루마니아에 있는 도시입니다.,"대도시보다는 작지만 역사, 관광, 행정, 지역 거점 기능이 뚜렷한 도시입니다.",넓은 대로와 대형 궁전 건축이 특징입니다.,루마니아의 수도입니다.,부쿠레슈티는 루마니아의 도시입니다. 넓은 대로와 대형 궁전 건축이 특징입니다. 루마니아의 수도입니다.,텍스트초안
MID-035,중도시,탈린,Tallinn,"탈린, tallinn",normal,,,,,Tallinn city street skyline landmark,이곳은 북유럽/발트에 있습니다.,에스토니아에 있는 도시입니다.,"대도시보다는 작지만 역사, 관광, 행정, 지역 거점 기능이 뚜렷한 도시입니다.",중세 성곽 도시 경관이 잘 보존되어 있습니다.,에스토니아의 수도입니다.,탈린는 에스토니아의 도시입니다. 중세 성곽 도시 경관이 잘 보존되어 있습니다. 에스토니아의 수도입니다.,텍스트초안
MID-036,중도시,리가,Riga,"리가, riga",hard,,,,,Riga city street skyline landmark,이곳은 북유럽/발트에 있습니다.,라트비아에 있는 도시입니다.,"대도시보다는 작지만 역사, 관광, 행정, 지역 거점 기능이 뚜렷한 도시입니다.",아르누보 건축과 구시가지가 유명합니다.,라트비아의 수도입니다.,리가는 라트비아의 도시입니다. 아르누보 건축과 구시가지가 유명합니다. 라트비아의 수도입니다.,텍스트초안
MID-037,중도시,빌뉴스,Vilnius,"빌뉴스, vilnius",hard,,,,,Vilnius city street skyline landmark,이곳은 북유럽/발트에 있습니다.,리투아니아에 있는 도시입니다.,"대도시보다는 작지만 역사, 관광, 행정, 지역 거점 기능이 뚜렷한 도시입니다.",바로크 양식 구시가지가 특징입니다.,리투아니아의 수도입니다.,빌뉴스는 리투아니아의 도시입니다. 바로크 양식 구시가지가 특징입니다. 리투아니아의 수도입니다.,텍스트초안
MID-038,중도시,레이캬비크,Reykjavik,"레이캬비크, reykjavik, reykjavík",normal,,,,,Reykjavik city street skyline landmark,이곳은 북유럽에 있습니다.,아이슬란드에 있는 도시입니다.,"대도시보다는 작지만 역사, 관광, 행정, 지역 거점 기능이 뚜렷한 도시입니다.",화산섬의 작은 수도입니다.,아이슬란드의 수도입니다.,레이캬비크는 아이슬란드의 도시입니다. 화산섬의 작은 수도입니다. 아이슬란드의 수도입니다.,텍스트초안
MID-039,중도시,베르겐,Bergen,"베르겐, bergen",normal,,,,,Bergen city street skyline landmark,이곳은 북유럽에 있습니다.,노르웨이에 있는 도시입니다.,"대도시보다는 작지만 역사, 관광, 행정, 지역 거점 기능이 뚜렷한 도시입니다.",피오르드와 목조 항구 건물이 유명합니다.,노르웨이 서부의 대표 도시입니다.,베르겐는 노르웨이의 도시입니다. 피오르드와 목조 항구 건물이 유명합니다. 노르웨이 서부의 대표 도시입니다.,텍스트초안
MID-040,중도시,예테보리,Gothenburg,"예테보리, gothenburg, göteborg",hard,,,,,Gothenburg city street skyline landmark,이곳은 북유럽에 있습니다.,스웨덴에 있는 도시입니다.,"대도시보다는 작지만 역사, 관광, 행정, 지역 거점 기능이 뚜렷한 도시입니다.",항구와 운하가 있는 도시입니다.,스웨덴 서부의 대표 도시입니다.,예테보리는 스웨덴의 도시입니다. 항구와 운하가 있는 도시입니다. 스웨덴 서부의 대표 도시입니다.,텍스트초안
MID-041,중도시,오르후스,Aarhus,"오르후스, aarhus, århus",hard,,,,,Aarhus city street skyline landmark,이곳은 북유럽에 있습니다.,덴마크에 있는 도시입니다.,"대도시보다는 작지만 역사, 관광, 행정, 지역 거점 기능이 뚜렷한 도시입니다.",대학과 항구 기능이 있는 도시입니다.,덴마크 제2의 도시로 알려져 있습니다.,오르후스는 덴마크의 도시입니다. 대학과 항구 기능이 있는 도시입니다. 덴마크 제2의 도시로 알려져 있습니다.,텍스트초안
MID-042,중도시,투르쿠,Turku,"투르쿠, turku",hard,,,,,Turku city street skyline landmark,이곳은 북유럽에 있습니다.,핀란드에 있는 도시입니다.,"대도시보다는 작지만 역사, 관광, 행정, 지역 거점 기능이 뚜렷한 도시입니다.",오래된 성과 강변 도시 경관이 있습니다.,핀란드의 오래된 수도였던 도시입니다.,투르쿠는 핀란드의 도시입니다. 오래된 성과 강변 도시 경관이 있습니다. 핀란드의 오래된 수도였던 도시입니다.,텍스트초안
MID-043,중도시,퀘벡시티,Quebec City,"퀘벡시티, quebec city, québec",normal,,,,,Quebec City city street skyline landmark,이곳은 북아메리카에 있습니다.,캐나다에 있는 도시입니다.,"대도시보다는 작지만 역사, 관광, 행정, 지역 거점 기능이 뚜렷한 도시입니다.",성벽으로 둘러싸인 북미의 프랑스풍 도시입니다.,캐나다 퀘벡주의 주도입니다.,퀘벡시티는 캐나다의 도시입니다. 성벽으로 둘러싸인 북미의 프랑스풍 도시입니다. 캐나다 퀘벡주의 주도입니다.,텍스트초안
MID-044,중도시,오타와,Ottawa,"오타와, ottawa",normal,,,,,Ottawa city street skyline landmark,이곳은 북아메리카에 있습니다.,캐나다에 있는 도시입니다.,"대도시보다는 작지만 역사, 관광, 행정, 지역 거점 기능이 뚜렷한 도시입니다.",정부 청사와 운하가 유명합니다.,캐나다의 수도입니다.,오타와는 캐나다의 도시입니다. 정부 청사와 운하가 유명합니다. 캐나다의 수도입니다.,텍스트초안
MID-045,중도시,캘거리,Calgary,"캘거리, calgary",hard,,,,,Calgary city street skyline landmark,이곳은 북아메리카에 있습니다.,캐나다에 있는 도시입니다.,"대도시보다는 작지만 역사, 관광, 행정, 지역 거점 기능이 뚜렷한 도시입니다.",로키산맥 관문 이미지가 있습니다.,캐나다 앨버타주의 대표 도시입니다.,캘거리는 캐나다의 도시입니다. 로키산맥 관문 이미지가 있습니다. 캐나다 앨버타주의 대표 도시입니다.,텍스트초안
MID-046,중도시,시애틀,Seattle,"시애틀, seattle",normal,,,,,Seattle city street skyline landmark,이곳은 북아메리카에 있습니다.,미국에 있는 도시입니다.,"대도시보다는 작지만 역사, 관광, 행정, 지역 거점 기능이 뚜렷한 도시입니다.","비와 커피, 기술 기업 이미지가 강합니다.",스페이스 니들이 상징입니다.,"시애틀는 미국의 도시입니다. 비와 커피, 기술 기업 이미지가 강합니다. 스페이스 니들이 상징입니다.",텍스트초안
MID-047,중도시,포틀랜드,Portland,"포틀랜드, portland",hard,,,,,Portland city street skyline landmark,이곳은 북아메리카에 있습니다.,미국에 있는 도시입니다.,"대도시보다는 작지만 역사, 관광, 행정, 지역 거점 기능이 뚜렷한 도시입니다.",다리와 친환경 도시 이미지가 있습니다.,미국 오리건주의 대표 도시입니다.,포틀랜드는 미국의 도시입니다. 다리와 친환경 도시 이미지가 있습니다. 미국 오리건주의 대표 도시입니다.,텍스트초안
MID-048,중도시,라스베이거스,Las Vegas,"라스베이거스, 라스베가스, las vegas",easy,,,,,Las Vegas city street skyline landmark,이곳은 북아메리카에 있습니다.,미국에 있는 도시입니다.,"대도시보다는 작지만 역사, 관광, 행정, 지역 거점 기능이 뚜렷한 도시입니다.",사막 속 화려한 네온 도시입니다.,카지노와 스트립 거리로 유명합니다.,라스베이거스는 미국의 도시입니다. 사막 속 화려한 네온 도시입니다. 카지노와 스트립 거리로 유명합니다.,텍스트초안
MID-049,중도시,뉴올리언스,New Orleans,"뉴올리언스, new orleans",normal,,,,,New Orleans city street skyline landmark,이곳은 북아메리카에 있습니다.,미국에 있는 도시입니다.,"대도시보다는 작지만 역사, 관광, 행정, 지역 거점 기능이 뚜렷한 도시입니다.",재즈와 프랑스풍 거리 문화가 유명합니다.,미시시피강 하류의 도시입니다.,뉴올리언스는 미국의 도시입니다. 재즈와 프랑스풍 거리 문화가 유명합니다. 미시시피강 하류의 도시입니다.,텍스트초안
MID-050,중도시,보스턴,Boston,"보스턴, boston",normal,,,,,Boston city street skyline landmark,이곳은 북아메리카에 있습니다.,미국에 있는 도시입니다.,"대도시보다는 작지만 역사, 관광, 행정, 지역 거점 기능이 뚜렷한 도시입니다.",대학과 미국 초기 역사 이미지가 강합니다.,하버드와 MIT가 가까운 도시권입니다.,보스턴는 미국의 도시입니다. 대학과 미국 초기 역사 이미지가 강합니다. 하버드와 MIT가 가까운 도시권입니다.,텍스트초안
MID-051,중도시,필라델피아,Philadelphia,"필라델피아, philadelphia, philly",normal,,,,,Philadelphia city street skyline landmark,이곳은 북아메리카에 있습니다.,미국에 있는 도시입니다.,"대도시보다는 작지만 역사, 관광, 행정, 지역 거점 기능이 뚜렷한 도시입니다.",미국 독립 역사와 관련이 깊습니다.,자유의 종으로 유명합니다.,필라델피아는 미국의 도시입니다. 미국 독립 역사와 관련이 깊습니다. 자유의 종으로 유명합니다.,텍스트초안
MID-052,중도시,애틀랜타,Atlanta,"애틀랜타, atlanta",hard,,,,,Atlanta city street skyline landmark,이곳은 북아메리카에 있습니다.,미국에 있는 도시입니다.,"대도시보다는 작지만 역사, 관광, 행정, 지역 거점 기능이 뚜렷한 도시입니다.",항공 허브와 남부 대도시 이미지가 있습니다.,조지아주의 주도입니다.,애틀랜타는 미국의 도시입니다. 항공 허브와 남부 대도시 이미지가 있습니다. 조지아주의 주도입니다.,텍스트초안
MID-053,중도시,샌디에이고,San Diego,"샌디에이고, san diego",hard,,,,,San Diego city street skyline landmark,이곳은 북아메리카에 있습니다.,미국에 있는 도시입니다.,"대도시보다는 작지만 역사, 관광, 행정, 지역 거점 기능이 뚜렷한 도시입니다.",온화한 해안 도시 경관이 특징입니다.,미국 캘리포니아 남부의 도시입니다.,샌디에이고는 미국의 도시입니다. 온화한 해안 도시 경관이 특징입니다. 미국 캘리포니아 남부의 도시입니다.,텍스트초안
MID-054,중도시,오스틴,Austin,"오스틴, austin",hard,,,,,Austin city street skyline landmark,이곳은 북아메리카에 있습니다.,미국에 있는 도시입니다.,"대도시보다는 작지만 역사, 관광, 행정, 지역 거점 기능이 뚜렷한 도시입니다.",음악과 기술 스타트업 문화가 강합니다.,텍사스주의 주도입니다.,오스틴는 미국의 도시입니다. 음악과 기술 스타트업 문화가 강합니다. 텍사스주의 주도입니다.,텍스트초안
MID-055,중도시,덴버,Denver,"덴버, denver",hard,,,,,Denver city street skyline landmark,이곳은 북아메리카에 있습니다.,미국에 있는 도시입니다.,"대도시보다는 작지만 역사, 관광, 행정, 지역 거점 기능이 뚜렷한 도시입니다.",로키산맥과 가까운 고지대 도시입니다.,미국 콜로라도주의 주도입니다.,덴버는 미국의 도시입니다. 로키산맥과 가까운 고지대 도시입니다. 미국 콜로라도주의 주도입니다.,텍스트초안
MID-056,중도시,몬테레이,Monterrey,"몬테레이, monterrey",hard,,,,,Monterrey city street skyline landmark,이곳은 북아메리카에 있습니다.,멕시코에 있는 도시입니다.,"대도시보다는 작지만 역사, 관광, 행정, 지역 거점 기능이 뚜렷한 도시입니다.",산악 지형과 산업 도시 이미지가 강합니다.,멕시코 북부의 대표 경제 도시입니다.,몬테레이는 멕시코의 도시입니다. 산악 지형과 산업 도시 이미지가 강합니다. 멕시코 북부의 대표 경제 도시입니다.,텍스트초안
MID-057,중도시,과달라하라,Guadalajara,"과달라하라, guadalajara",hard,,,,,Guadalajara city street skyline landmark,이곳은 북아메리카에 있습니다.,멕시코에 있는 도시입니다.,"대도시보다는 작지만 역사, 관광, 행정, 지역 거점 기능이 뚜렷한 도시입니다.","음악과 전통 문화, 기술 산업이 함께 있습니다.",멕시코 할리스코주의 중심 도시입니다.,"과달라하라는 멕시코의 도시입니다. 음악과 전통 문화, 기술 산업이 함께 있습니다. 멕시코 할리스코주의 중심 도시입니다.",텍스트초안
MID-058,중도시,하바나,Havana,"하바나, havana, la habana",normal,,,,,Havana city street skyline landmark,이곳은 카리브해에 있습니다.,쿠바에 있는 도시입니다.,"대도시보다는 작지만 역사, 관광, 행정, 지역 거점 기능이 뚜렷한 도시입니다.",오래된 자동차와 식민지풍 건축이 유명합니다.,쿠바의 수도입니다.,하바나는 쿠바의 도시입니다. 오래된 자동차와 식민지풍 건축이 유명합니다. 쿠바의 수도입니다.,텍스트초안
MID-059,중도시,산후안,San Juan,"산후안, san juan",hard,,,,,San Juan city street skyline landmark,이곳은 카리브해에 있습니다.,푸에르토리코에 있는 도시입니다.,"대도시보다는 작지만 역사, 관광, 행정, 지역 거점 기능이 뚜렷한 도시입니다.",요새와 색감 있는 구시가지가 유명합니다.,푸에르토리코의 중심 도시입니다.,산후안는 푸에르토리코의 도시입니다. 요새와 색감 있는 구시가지가 유명합니다. 푸에르토리코의 중심 도시입니다.,텍스트초안
MID-060,중도시,카르타헤나,Cartagena,"카르타헤나, cartagena",normal,,,,,Cartagena city street skyline landmark,이곳은 남아메리카에 있습니다.,콜롬비아에 있는 도시입니다.,"대도시보다는 작지만 역사, 관광, 행정, 지역 거점 기능이 뚜렷한 도시입니다.",성벽 도시와 카리브해 해안이 유명합니다.,콜롬비아의 대표 해안 관광 도시입니다.,카르타헤나는 콜롬비아의 도시입니다. 성벽 도시와 카리브해 해안이 유명합니다. 콜롬비아의 대표 해안 관광 도시입니다.,텍스트초안
MID-061,중도시,메데인,Medellin,"메데인, medellin, medellín",hard,,,,,Medellin city street skyline landmark,이곳은 남아메리카에 있습니다.,콜롬비아에 있는 도시입니다.,"대도시보다는 작지만 역사, 관광, 행정, 지역 거점 기능이 뚜렷한 도시입니다.",산악 분지에 자리 잡은 도시입니다.,콜롬비아 안티오키아주의 중심 도시입니다.,메데인는 콜롬비아의 도시입니다. 산악 분지에 자리 잡은 도시입니다. 콜롬비아 안티오키아주의 중심 도시입니다.,텍스트초안
MID-062,중도시,쿠스코,Cusco,"쿠스코, cusco, cuzco",normal,,,,,Cusco city street skyline landmark,이곳은 남아메리카에 있습니다.,페루에 있는 도시입니다.,"대도시보다는 작지만 역사, 관광, 행정, 지역 거점 기능이 뚜렷한 도시입니다.",잉카 제국의 흔적이 강하게 남아 있습니다.,마추픽추로 가는 관문 도시입니다.,쿠스코는 페루의 도시입니다. 잉카 제국의 흔적이 강하게 남아 있습니다. 마추픽추로 가는 관문 도시입니다.,텍스트초안
MID-063,중도시,아레키파,Arequipa,"아레키파, arequipa",hard,,,,,Arequipa city street skyline landmark,이곳은 남아메리카에 있습니다.,페루에 있는 도시입니다.,"대도시보다는 작지만 역사, 관광, 행정, 지역 거점 기능이 뚜렷한 도시입니다.",화산과 흰색 석재 건축이 유명합니다.,페루 남부의 대표 도시입니다.,아레키파는 페루의 도시입니다. 화산과 흰색 석재 건축이 유명합니다. 페루 남부의 대표 도시입니다.,텍스트초안
MID-064,중도시,발파라이소,Valparaiso,"발파라이소, valparaiso, valparaíso",normal,,,,,Valparaiso city street skyline landmark,이곳은 남아메리카에 있습니다.,칠레에 있는 도시입니다.,"대도시보다는 작지만 역사, 관광, 행정, 지역 거점 기능이 뚜렷한 도시입니다.","언덕과 알록달록한 주택, 항구가 유명합니다.",칠레의 대표 항구 도시입니다.,"발파라이소는 칠레의 도시입니다. 언덕과 알록달록한 주택, 항구가 유명합니다. 칠레의 대표 항구 도시입니다.",텍스트초안
MID-065,중도시,우수아이아,Ushuaia,"우수아이아, ushuaia",normal,,,,,Ushuaia city street skyline landmark,이곳은 남아메리카에 있습니다.,아르헨티나에 있는 도시입니다.,"대도시보다는 작지만 역사, 관광, 행정, 지역 거점 기능이 뚜렷한 도시입니다.",세계 최남단 도시 이미지가 강합니다.,티에라델푸에고의 도시입니다.,우수아이아는 아르헨티나의 도시입니다. 세계 최남단 도시 이미지가 강합니다. 티에라델푸에고의 도시입니다.,텍스트초안
MID-066,중도시,코르도바,Cordoba,"코르도바, cordoba, córdoba",hard,,,,,Cordoba city street skyline landmark,이곳은 남아메리카에 있습니다.,아르헨티나에 있는 도시입니다.,"대도시보다는 작지만 역사, 관광, 행정, 지역 거점 기능이 뚜렷한 도시입니다.",대학과 식민지풍 건축이 있는 내륙 도시입니다.,아르헨티나 중부의 대표 도시입니다.,코르도바는 아르헨티나의 도시입니다. 대학과 식민지풍 건축이 있는 내륙 도시입니다. 아르헨티나 중부의 대표 도시입니다.,텍스트초안
MID-067,중도시,몬테비데오,Montevideo,"몬테비데오, montevideo",normal,,,,,Montevideo city street skyline landmark,이곳은 남아메리카에 있습니다.,우루과이에 있는 도시입니다.,"대도시보다는 작지만 역사, 관광, 행정, 지역 거점 기능이 뚜렷한 도시입니다.",라플라타강 하구의 해안 도시입니다.,우루과이의 수도입니다.,몬테비데오는 우루과이의 도시입니다. 라플라타강 하구의 해안 도시입니다. 우루과이의 수도입니다.,텍스트초안
MID-068,중도시,아순시온,Asuncion,"아순시온, asuncion, asunción",hard,,,,,Asuncion city street skyline landmark,이곳은 남아메리카에 있습니다.,파라과이에 있는 도시입니다.,"대도시보다는 작지만 역사, 관광, 행정, 지역 거점 기능이 뚜렷한 도시입니다.",파라과이강 주변의 내륙 수도입니다.,파라과이의 수도입니다.,아순시온는 파라과이의 도시입니다. 파라과이강 주변의 내륙 수도입니다. 파라과이의 수도입니다.,텍스트초안
MID-069,중도시,라파스,La Paz,"라파스, la paz",normal,,,,,La Paz city street skyline landmark,이곳은 남아메리카에 있습니다.,볼리비아에 있는 도시입니다.,"대도시보다는 작지만 역사, 관광, 행정, 지역 거점 기능이 뚜렷한 도시입니다.",고지대 분지에 펼쳐진 도시입니다.,볼리비아의 행정 수도입니다.,라파스는 볼리비아의 도시입니다. 고지대 분지에 펼쳐진 도시입니다. 볼리비아의 행정 수도입니다.,텍스트초안
MID-070,중도시,키토,Quito,"키토, quito",normal,,,,,Quito city street skyline landmark,이곳은 남아메리카에 있습니다.,에콰도르에 있는 도시입니다.,"대도시보다는 작지만 역사, 관광, 행정, 지역 거점 기능이 뚜렷한 도시입니다.",적도 근처 고산 도시입니다.,에콰도르의 수도입니다.,키토는 에콰도르의 도시입니다. 적도 근처 고산 도시입니다. 에콰도르의 수도입니다.,텍스트초안
MID-071,중도시,과야킬,Guayaquil,"과야킬, guayaquil",hard,,,,,Guayaquil city street skyline landmark,이곳은 남아메리카에 있습니다.,에콰도르에 있는 도시입니다.,"대도시보다는 작지만 역사, 관광, 행정, 지역 거점 기능이 뚜렷한 도시입니다.",강과 항구를 중심으로 성장했습니다.,에콰도르의 대표 항구 도시입니다.,과야킬는 에콰도르의 도시입니다. 강과 항구를 중심으로 성장했습니다. 에콰도르의 대표 항구 도시입니다.,텍스트초안
MID-072,중도시,파나마시티,Panama City,"파나마시티, panama city, ciudad de panama",normal,,,,,Panama City city street skyline landmark,이곳은 중앙아메리카에 있습니다.,파나마에 있는 도시입니다.,"대도시보다는 작지만 역사, 관광, 행정, 지역 거점 기능이 뚜렷한 도시입니다.",운하와 고층 스카이라인이 떠오릅니다.,파나마의 수도입니다.,파나마시티는 파나마의 도시입니다. 운하와 고층 스카이라인이 떠오릅니다. 파나마의 수도입니다.,텍스트초안
MID-073,중도시,산호세,San Jose,"산호세, san jose, san josé",hard,,,,,San Jose city street skyline landmark,이곳은 중앙아메리카에 있습니다.,코스타리카에 있는 도시입니다.,"대도시보다는 작지만 역사, 관광, 행정, 지역 거점 기능이 뚜렷한 도시입니다.",중앙고원에 있는 수도 도시입니다.,코스타리카의 수도입니다.,산호세는 코스타리카의 도시입니다. 중앙고원에 있는 수도 도시입니다. 코스타리카의 수도입니다.,텍스트초안
MID-074,중도시,마나과,Managua,"마나과, managua",hard,,,,,Managua city street skyline landmark,이곳은 중앙아메리카에 있습니다.,니카라과에 있는 도시입니다.,"대도시보다는 작지만 역사, 관광, 행정, 지역 거점 기능이 뚜렷한 도시입니다.",호수 가까이에 있는 수도 도시입니다.,니카라과의 수도입니다.,마나과는 니카라과의 도시입니다. 호수 가까이에 있는 수도 도시입니다. 니카라과의 수도입니다.,텍스트초안
MID-075,중도시,안티구아 과테말라,Antigua Guatemala,"안티구아 과테말라, antigua guatemala, antigua",normal,,,,,Antigua Guatemala city street skyline landmark,이곳은 중앙아메리카에 있습니다.,과테말라에 있는 도시입니다.,"대도시보다는 작지만 역사, 관광, 행정, 지역 거점 기능이 뚜렷한 도시입니다.",화산과 식민지풍 거리로 유명합니다.,과테말라의 대표 역사 도시입니다.,안티구아 과테말라는 과테말라의 도시입니다. 화산과 식민지풍 거리로 유명합니다. 과테말라의 대표 역사 도시입니다.,텍스트초안
MID-076,중도시,다낭,Da Nang,"다낭, da nang, đà nẵng",normal,,,,,Da Nang city street skyline landmark,이곳은 동남아시아에 있습니다.,베트남에 있는 도시입니다.,"대도시보다는 작지만 역사, 관광, 행정, 지역 거점 기능이 뚜렷한 도시입니다.",해변과 다리가 유명한 해안 도시입니다.,베트남 중부의 대표 도시입니다.,다낭는 베트남의 도시입니다. 해변과 다리가 유명한 해안 도시입니다. 베트남 중부의 대표 도시입니다.,텍스트초안
MID-077,중도시,호이안,Hoi An,"호이안, hoi an, hội an",easy,,,,,Hoi An city street skyline landmark,이곳은 동남아시아에 있습니다.,베트남에 있는 도시입니다.,"대도시보다는 작지만 역사, 관광, 행정, 지역 거점 기능이 뚜렷한 도시입니다.",등불과 오래된 무역항 분위기가 유명합니다.,베트남 중부의 역사 도시입니다.,호이안는 베트남의 도시입니다. 등불과 오래된 무역항 분위기가 유명합니다. 베트남 중부의 역사 도시입니다.,텍스트초안
MID-078,중도시,치앙마이,Chiang Mai,"치앙마이, chiang mai",normal,,,,,Chiang Mai city street skyline landmark,이곳은 동남아시아에 있습니다.,태국에 있는 도시입니다.,"대도시보다는 작지만 역사, 관광, 행정, 지역 거점 기능이 뚜렷한 도시입니다.",산악 지대와 사원이 많은 도시입니다.,태국 북부의 대표 도시입니다.,치앙마이는 태국의 도시입니다. 산악 지대와 사원이 많은 도시입니다. 태국 북부의 대표 도시입니다.,텍스트초안
MID-079,중도시,푸켓,Phuket,"푸켓, phuket",easy,,,,,Phuket city street skyline landmark,이곳은 동남아시아에 있습니다.,태국에 있는 도시입니다.,"대도시보다는 작지만 역사, 관광, 행정, 지역 거점 기능이 뚜렷한 도시입니다.",해변과 섬 관광으로 유명합니다.,태국 남부의 대표 휴양지입니다.,푸켓는 태국의 도시입니다. 해변과 섬 관광으로 유명합니다. 태국 남부의 대표 휴양지입니다.,텍스트초안
MID-080,중도시,조지타운,George Town,"조지타운, george town, penang",normal,,,,,George Town city street skyline landmark,이곳은 동남아시아에 있습니다.,말레이시아에 있는 도시입니다.,"대도시보다는 작지만 역사, 관광, 행정, 지역 거점 기능이 뚜렷한 도시입니다.",벽화와 식민지풍 구시가지가 유명합니다.,페낭섬의 중심 도시입니다.,조지타운는 말레이시아의 도시입니다. 벽화와 식민지풍 구시가지가 유명합니다. 페낭섬의 중심 도시입니다.,텍스트초안
MID-081,중도시,말라카,Malacca,"말라카, 멜라카, malacca, melaka",normal,,,,,Malacca city street skyline landmark,이곳은 동남아시아에 있습니다.,말레이시아에 있는 도시입니다.,"대도시보다는 작지만 역사, 관광, 행정, 지역 거점 기능이 뚜렷한 도시입니다.",해상 무역과 식민지 역사가 남아 있습니다.,말레이시아의 역사 도시입니다.,말라카는 말레이시아의 도시입니다. 해상 무역과 식민지 역사가 남아 있습니다. 말레이시아의 역사 도시입니다.,텍스트초안
MID-082,중도시,수라바야,Surabaya,"수라바야, surabaya",hard,,,,,Surabaya city street skyline landmark,이곳은 동남아시아에 있습니다.,인도네시아에 있는 도시입니다.,"대도시보다는 작지만 역사, 관광, 행정, 지역 거점 기능이 뚜렷한 도시입니다.",항구와 산업 도시 이미지가 강합니다.,자바섬 동부의 대표 도시입니다.,수라바야는 인도네시아의 도시입니다. 항구와 산업 도시 이미지가 강합니다. 자바섬 동부의 대표 도시입니다.,텍스트초안
MID-083,중도시,족자카르타,Yogyakarta,"족자카르타, 욕야카르타, yogyakarta, jogja",normal,,,,,Yogyakarta city street skyline landmark,이곳은 동남아시아에 있습니다.,인도네시아에 있는 도시입니다.,"대도시보다는 작지만 역사, 관광, 행정, 지역 거점 기능이 뚜렷한 도시입니다.",왕궁과 전통문화가 강한 도시입니다.,보로부두르와 가까운 자바섬 도시입니다.,족자카르타는 인도네시아의 도시입니다. 왕궁과 전통문화가 강한 도시입니다. 보로부두르와 가까운 자바섬 도시입니다.,텍스트초안
MID-084,중도시,우붓,Ubud,"우붓, ubud",normal,,,,,Ubud city street skyline landmark,이곳은 동남아시아에 있습니다.,인도네시아에 있는 도시입니다.,"대도시보다는 작지만 역사, 관광, 행정, 지역 거점 기능이 뚜렷한 도시입니다.",논과 예술 마을 이미지가 강합니다.,발리 내륙의 대표 관광지입니다.,우붓는 인도네시아의 도시입니다. 논과 예술 마을 이미지가 강합니다. 발리 내륙의 대표 관광지입니다.,텍스트초안
MID-085,중도시,만달레이,Mandalay,"만달레이, mandalay",hard,,,,,Mandalay city street skyline landmark,이곳은 동남아시아에 있습니다.,미얀마에 있는 도시입니다.,"대도시보다는 작지만 역사, 관광, 행정, 지역 거점 기능이 뚜렷한 도시입니다.",왕궁과 사원이 많은 내륙 도시입니다.,미얀마의 오래된 왕도입니다.,만달레이는 미얀마의 도시입니다. 왕궁과 사원이 많은 내륙 도시입니다. 미얀마의 오래된 왕도입니다.,텍스트초안
MID-086,중도시,루앙프라방,Luang Prabang,"루앙프라방, luang prabang",normal,,,,,Luang Prabang city street skyline landmark,이곳은 동남아시아에 있습니다.,라오스에 있는 도시입니다.,"대도시보다는 작지만 역사, 관광, 행정, 지역 거점 기능이 뚜렷한 도시입니다.",사원과 메콩강 풍경이 유명합니다.,라오스의 대표 역사 도시입니다.,루앙프라방는 라오스의 도시입니다. 사원과 메콩강 풍경이 유명합니다. 라오스의 대표 역사 도시입니다.,텍스트초안
MID-087,중도시,시엠립,Siem Reap,"시엠립, siem reap",normal,,,,,Siem Reap city street skyline landmark,이곳은 동남아시아에 있습니다.,캄보디아에 있는 도시입니다.,"대도시보다는 작지만 역사, 관광, 행정, 지역 거점 기능이 뚜렷한 도시입니다.",거대한 고대 사원 유적의 관문입니다.,앙코르와트 방문 거점 도시입니다.,시엠립는 캄보디아의 도시입니다. 거대한 고대 사원 유적의 관문입니다. 앙코르와트 방문 거점 도시입니다.,텍스트초안
MID-088,중도시,프놈펜,Phnom Penh,"프놈펜, phnom penh",normal,,,,,Phnom Penh city street skyline landmark,이곳은 동남아시아에 있습니다.,캄보디아에 있는 도시입니다.,"대도시보다는 작지만 역사, 관광, 행정, 지역 거점 기능이 뚜렷한 도시입니다.",메콩강과 왕궁이 있는 도시입니다.,캄보디아의 수도입니다.,프놈펜는 캄보디아의 도시입니다. 메콩강과 왕궁이 있는 도시입니다. 캄보디아의 수도입니다.,텍스트초안
MID-089,중도시,비엔티안,Vientiane,"비엔티안, vientiane",hard,,,,,Vientiane city street skyline landmark,이곳은 동남아시아에 있습니다.,라오스에 있는 도시입니다.,"대도시보다는 작지만 역사, 관광, 행정, 지역 거점 기능이 뚜렷한 도시입니다.",메콩강변의 비교적 조용한 수도입니다.,라오스의 수도입니다.,비엔티안는 라오스의 도시입니다. 메콩강변의 비교적 조용한 수도입니다. 라오스의 수도입니다.,텍스트초안
MID-090,중도시,세부,Cebu,"세부, cebu",normal,,,,,Cebu city street skyline landmark,이곳은 동남아시아에 있습니다.,필리핀에 있는 도시입니다.,"대도시보다는 작지만 역사, 관광, 행정, 지역 거점 기능이 뚜렷한 도시입니다.",섬 관광과 역사 유적이 함께 있습니다.,필리핀 중부의 대표 도시입니다.,세부는 필리핀의 도시입니다. 섬 관광과 역사 유적이 함께 있습니다. 필리핀 중부의 대표 도시입니다.,텍스트초안
MID-091,중도시,다바오,Davao,"다바오, davao",hard,,,,,Davao city street skyline landmark,이곳은 동남아시아에 있습니다.,필리핀에 있는 도시입니다.,"대도시보다는 작지만 역사, 관광, 행정, 지역 거점 기능이 뚜렷한 도시입니다.",큰 섬 남부의 중심 도시입니다.,민다나오섬의 대표 도시입니다.,다바오는 필리핀의 도시입니다. 큰 섬 남부의 중심 도시입니다. 민다나오섬의 대표 도시입니다.,텍스트초안
MID-092,중도시,난터켓,Nantucket,"난터켓, nantucket",hard,,,,,Nantucket city street skyline landmark,이곳은 북아메리카에 있습니다.,미국에 있는 도시입니다.,"대도시보다는 작지만 역사, 관광, 행정, 지역 거점 기능이 뚜렷한 도시입니다.",등대와 섬 휴양지 이미지가 강합니다.,미국 매사추세츠주의 대표 섬 관광지입니다.,난터켓는 미국의 도시입니다. 등대와 섬 휴양지 이미지가 강합니다. 미국 매사추세츠주의 대표 섬 관광지입니다.,텍스트초안
MID-093,중도시,찰스턴,Charleston,"찰스턴, charleston",normal,,,,,Charleston city street skyline landmark,이곳은 북아메리카에 있습니다.,미국에 있는 도시입니다.,"대도시보다는 작지만 역사, 관광, 행정, 지역 거점 기능이 뚜렷한 도시입니다.",남부식 건축과 항구 도시 분위기가 있습니다.,미국 사우스캐롤라이나주의 대표 역사 도시입니다.,찰스턴는 미국의 도시입니다. 남부식 건축과 항구 도시 분위기가 있습니다. 미국 사우스캐롤라이나주의 대표 역사 도시입니다.,텍스트초안
MID-094,중도시,서배너,Savannah,"서배너, savannah",hard,,,,,Savannah city street skyline landmark,이곳은 북아메리카에 있습니다.,미국에 있는 도시입니다.,"대도시보다는 작지만 역사, 관광, 행정, 지역 거점 기능이 뚜렷한 도시입니다.",광장과 오래된 가로수가 있는 남부 도시입니다.,미국 조지아주의 대표 역사 도시입니다.,서배너는 미국의 도시입니다. 광장과 오래된 가로수가 있는 남부 도시입니다. 미국 조지아주의 대표 역사 도시입니다.,텍스트초안
MID-095,중도시,산타페,Santa Fe,"산타페, santa fe",hard,,,,,Santa Fe city street skyline landmark,이곳은 북아메리카에 있습니다.,미국에 있는 도시입니다.,"대도시보다는 작지만 역사, 관광, 행정, 지역 거점 기능이 뚜렷한 도시입니다.",어도비 건축과 예술 도시 이미지가 강합니다.,미국 뉴멕시코주의 주도입니다.,산타페는 미국의 도시입니다. 어도비 건축과 예술 도시 이미지가 강합니다. 미국 뉴멕시코주의 주도입니다.,텍스트초안
MID-096,중도시,산타바버라,Santa Barbara,"산타바버라, santa barbara",hard,,,,,Santa Barbara city street skyline landmark,이곳은 북아메리카에 있습니다.,미국에 있는 도시입니다.,"대도시보다는 작지만 역사, 관광, 행정, 지역 거점 기능이 뚜렷한 도시입니다.",스페인풍 건축과 해안 경관이 특징입니다.,미국 캘리포니아의 대표 해안 도시입니다.,산타바버라는 미국의 도시입니다. 스페인풍 건축과 해안 경관이 특징입니다. 미국 캘리포니아의 대표 해안 도시입니다.,텍스트초안
MID-097,중도시,레이캬네스베어,Reykjanesbaer,"레이캬네스베어, reykjanesbaer",hard,,,,,Reykjanesbaer city street skyline landmark,이곳은 북유럽에 있습니다.,아이슬란드에 있는 도시입니다.,"대도시보다는 작지만 역사, 관광, 행정, 지역 거점 기능이 뚜렷한 도시입니다.",공항과 화산 지형이 가까운 도시입니다.,아이슬란드 남서부의 도시입니다.,레이캬네스베어는 아이슬란드의 도시입니다. 공항과 화산 지형이 가까운 도시입니다. 아이슬란드 남서부의 도시입니다.,텍스트초안
MID-098,중도시,트론헤임,Trondheim,"트론헤임, trondheim",hard,,,,,Trondheim city street skyline landmark,이곳은 북유럽에 있습니다.,노르웨이에 있는 도시입니다.,"대도시보다는 작지만 역사, 관광, 행정, 지역 거점 기능이 뚜렷한 도시입니다.",대성당과 대학 도시 분위기가 있습니다.,노르웨이 중부의 대표 도시입니다.,트론헤임는 노르웨이의 도시입니다. 대성당과 대학 도시 분위기가 있습니다. 노르웨이 중부의 대표 도시입니다.,텍스트초안
MID-099,중도시,말뫼,Malmo,"말뫼, malmo, malmö",hard,,,,,Malmo city street skyline landmark,이곳은 북유럽에 있습니다.,스웨덴에 있는 도시입니다.,"대도시보다는 작지만 역사, 관광, 행정, 지역 거점 기능이 뚜렷한 도시입니다.",현대 건축과 해협 교량이 떠오릅니다.,스웨덴 남부의 대표 도시입니다.,말뫼는 스웨덴의 도시입니다. 현대 건축과 해협 교량이 떠오릅니다. 스웨덴 남부의 대표 도시입니다.,텍스트초안
MID-100,중도시,탐페레,Tampere,"탐페레, tampere",hard,,,,,Tampere city street skyline landmark,이곳은 북유럽에 있습니다.,핀란드에 있는 도시입니다.,"대도시보다는 작지만 역사, 관광, 행정, 지역 거점 기능이 뚜렷한 도시입니다.",호수 사이에 발달한 공업·문화 도시입니다.,핀란드 내륙의 대표 도시입니다.,탐페레는 핀란드의 도시입니다. 호수 사이에 발달한 공업·문화 도시입니다. 핀란드 내륙의 대표 도시입니다.,텍스트초안
LAND-001,랜드마크,에펠탑,Eiffel Tower,"에펠탑, eiffel tower, tour eiffel",easy,,,,,Eiffel Tower 파리 프랑스,이곳은 프랑스 파리에 있는 랜드마크입니다.,유형으로 보면 철골 탑에 가깝습니다.,프랑스를 대표하는 명소 중 하나입니다.,파리를 대표하는 세계적 랜드마크입니다.,1889년 세계 박람회를 계기로 세워졌습니다.,에펠탑는 프랑스 파리에 있는 철골 탑입니다. 파리를 대표하는 세계적 랜드마크입니다. 1889년 세계 박람회를 계기로 세워졌습니다.,텍스트초안
LAND-002,랜드마크,타지마할,Taj Mahal,"타지마할, taj mahal",easy,,,,,Taj Mahal 아그라 인도,이곳은 인도 아그라에 있는 랜드마크입니다.,유형으로 보면 묘역 건축에 가깝습니다.,인도를 대표하는 명소 중 하나입니다.,흰 대리석 돔과 좌우 대칭 구조가 유명합니다.,무굴 제국 시대의 대표 건축물입니다.,타지마할는 인도 아그라에 있는 묘역 건축입니다. 흰 대리석 돔과 좌우 대칭 구조가 유명합니다. 무굴 제국 시대의 대표 건축물입니다.,텍스트초안
LAND-003,랜드마크,콜로세움,Colosseum,"콜로세움, colosseum, coliseum",easy,,,,,Colosseum 로마 이탈리아,이곳은 이탈리아 로마에 있는 랜드마크입니다.,유형으로 보면 고대 원형 경기장에 가깝습니다.,이탈리아를 대표하는 명소 중 하나입니다.,고대 로마의 거대한 경기장 유적입니다.,로마를 상징하는 대표 유적입니다.,콜로세움는 이탈리아 로마에 있는 고대 원형 경기장입니다. 고대 로마의 거대한 경기장 유적입니다. 로마를 상징하는 대표 유적입니다.,텍스트초안
LAND-004,랜드마크,자유의 여신상,Statue of Liberty,"자유의 여신상, statue of liberty",easy,,,,,Statue of Liberty 뉴욕 미국,이곳은 미국 뉴욕에 있는 랜드마크입니다.,유형으로 보면 기념상에 가깝습니다.,미국를 대표하는 명소 중 하나입니다.,항구에 서 있는 거대한 여성상입니다.,뉴욕과 미국 이민 역사를 상징합니다.,자유의 여신상는 미국 뉴욕에 있는 기념상입니다. 항구에 서 있는 거대한 여성상입니다. 뉴욕과 미국 이민 역사를 상징합니다.,텍스트초안
LAND-005,랜드마크,피라미드 오브 기자,Great Pyramid of Giza,"기자 피라미드, 피라미드, great pyramid of giza, pyramids of giza",easy,,,,,Great Pyramid of Giza 기자 이집트,이곳은 이집트 기자에 있는 랜드마크입니다.,유형으로 보면 고대 피라미드에 가깝습니다.,이집트를 대표하는 명소 중 하나입니다.,사막 위의 거대한 삼각형 석조 구조물입니다.,이집트 고왕국 시대의 대표 유적입니다.,피라미드 오브 기자는 이집트 기자에 있는 고대 피라미드입니다. 사막 위의 거대한 삼각형 석조 구조물입니다. 이집트 고왕국 시대의 대표 유적입니다.,텍스트초안
LAND-006,랜드마크,스톤헨지,Stonehenge,"스톤헨지, stonehenge",normal,,,,,Stonehenge 윌트셔 영국,이곳은 영국 윌트셔에 있는 랜드마크입니다.,유형으로 보면 선사시대 거석 유적에 가깝습니다.,영국를 대표하는 명소 중 하나입니다.,거대한 돌기둥들이 원형으로 배치되어 있습니다.,영국의 대표 선사 유적입니다.,스톤헨지는 영국 윌트셔에 있는 선사시대 거석 유적입니다. 거대한 돌기둥들이 원형으로 배치되어 있습니다. 영국의 대표 선사 유적입니다.,텍스트초안
LAND-007,랜드마크,빅벤,Big Ben,"빅벤, big ben, elizabeth tower",easy,,,,,Big Ben 런던 영국,이곳은 영국 런던에 있는 랜드마크입니다.,유형으로 보면 시계탑에 가깝습니다.,영국를 대표하는 명소 중 하나입니다.,의사당 옆 시계탑으로 유명합니다.,런던을 상징하는 대표 건축물입니다.,빅벤는 영국 런던에 있는 시계탑입니다. 의사당 옆 시계탑으로 유명합니다. 런던을 상징하는 대표 건축물입니다.,텍스트초안
LAND-008,랜드마크,타워 브리지,Tower Bridge,"타워 브리지, tower bridge",easy,,,,,Tower Bridge 런던 영국,이곳은 영국 런던에 있는 랜드마크입니다.,유형으로 보면 도개교에 가깝습니다.,영국를 대표하는 명소 중 하나입니다.,두 개의 탑이 있는 다리입니다.,런던 템스강의 대표 다리입니다.,타워 브리지는 영국 런던에 있는 도개교입니다. 두 개의 탑이 있는 다리입니다. 런던 템스강의 대표 다리입니다.,텍스트초안
LAND-009,랜드마크,버킹엄 궁전,Buckingham Palace,"버킹엄 궁전, buckingham palace",normal,,,,,Buckingham Palace 런던 영국,이곳은 영국 런던에 있는 랜드마크입니다.,유형으로 보면 왕궁에 가깝습니다.,영국를 대표하는 명소 중 하나입니다.,근위병 교대식으로 유명합니다.,영국 왕실의 공식 거처로 알려져 있습니다.,버킹엄 궁전는 영국 런던에 있는 왕궁입니다. 근위병 교대식으로 유명합니다. 영국 왕실의 공식 거처로 알려져 있습니다.,텍스트초안
LAND-010,랜드마크,루브르 박물관,Louvre Museum,"루브르, 루브르 박물관, louvre museum",easy,,,,,Louvre Museum 파리 프랑스,이곳은 프랑스 파리에 있는 랜드마크입니다.,유형으로 보면 박물관에 가깝습니다.,프랑스를 대표하는 명소 중 하나입니다.,유리 피라미드 입구가 유명합니다.,모나리자가 전시된 박물관으로 유명합니다.,루브르 박물관는 프랑스 파리에 있는 박물관입니다. 유리 피라미드 입구가 유명합니다. 모나리자가 전시된 박물관으로 유명합니다.,텍스트초안
LAND-011,랜드마크,베르사유 궁전,Palace of Versailles,"베르사유 궁전, palace of versailles, versailles",normal,,,,,Palace of Versailles 베르사유 프랑스,이곳은 프랑스 베르사유에 있는 랜드마크입니다.,유형으로 보면 궁전에 가깝습니다.,프랑스를 대표하는 명소 중 하나입니다.,화려한 정원과 거울의 방이 유명합니다.,프랑스 절대왕정의 상징적 궁전입니다.,베르사유 궁전는 프랑스 베르사유에 있는 궁전입니다. 화려한 정원과 거울의 방이 유명합니다. 프랑스 절대왕정의 상징적 궁전입니다.,텍스트초안
LAND-012,랜드마크,개선문,Arc de Triomphe,"개선문, arc de triomphe",easy,,,,,Arc de Triomphe 파리 프랑스,이곳은 프랑스 파리에 있는 랜드마크입니다.,유형으로 보면 기념문에 가깝습니다.,프랑스를 대표하는 명소 중 하나입니다.,방사형 도로가 모이는 광장에 있습니다.,샹젤리제 거리 끝에 있는 파리의 기념문입니다.,개선문는 프랑스 파리에 있는 기념문입니다. 방사형 도로가 모이는 광장에 있습니다. 샹젤리제 거리 끝에 있는 파리의 기념문입니다.,텍스트초안
LAND-013,랜드마크,사그라다 파밀리아,Sagrada Familia,"사그라다 파밀리아, sagrada familia",easy,,,,,Sagrada Familia 바르셀로나 스페인,이곳은 스페인 바르셀로나에 있는 랜드마크입니다.,유형으로 보면 성당에 가깝습니다.,스페인를 대표하는 명소 중 하나입니다.,독특한 첨탑과 곡선적 형태가 유명합니다.,가우디의 대표 건축물입니다.,사그라다 파밀리아는 스페인 바르셀로나에 있는 성당입니다. 독특한 첨탑과 곡선적 형태가 유명합니다. 가우디의 대표 건축물입니다.,텍스트초안
LAND-014,랜드마크,알람브라 궁전,Alhambra,"알람브라 궁전, alhambra",normal,,,,,Alhambra 그라나다 스페인,이곳은 스페인 그라나다에 있는 랜드마크입니다.,유형으로 보면 궁전 유적에 가깝습니다.,스페인를 대표하는 명소 중 하나입니다.,이슬람 양식의 장식과 정원이 유명합니다.,스페인 그라나다의 대표 유적입니다.,알람브라 궁전는 스페인 그라나다에 있는 궁전 유적입니다. 이슬람 양식의 장식과 정원이 유명합니다. 스페인 그라나다의 대표 유적입니다.,텍스트초안
LAND-015,랜드마크,구엘 공원,Park Guell,"구엘 공원, park guell, park güell",normal,,,,,Park Guell 바르셀로나 스페인,이곳은 스페인 바르셀로나에 있는 랜드마크입니다.,유형으로 보면 공원에 가깝습니다.,스페인를 대표하는 명소 중 하나입니다.,화려한 타일 장식과 곡선 건축이 유명합니다.,가우디가 설계한 바르셀로나의 공원입니다.,구엘 공원는 스페인 바르셀로나에 있는 공원입니다. 화려한 타일 장식과 곡선 건축이 유명합니다. 가우디가 설계한 바르셀로나의 공원입니다.,텍스트초안
LAND-016,랜드마크,성 베드로 대성전,St. Peter Basilica,"성 베드로 대성전, st peter basilica",easy,,,,,St. Peter Basilica 바티칸 시국 바티칸,이곳은 바티칸 바티칸 시국에 있는 랜드마크입니다.,유형으로 보면 성당에 가깝습니다.,바티칸를 대표하는 명소 중 하나입니다.,거대한 돔과 광장이 유명합니다.,가톨릭의 중심지인 바티칸에 있습니다.,성 베드로 대성전는 바티칸 바티칸 시국에 있는 성당입니다. 거대한 돔과 광장이 유명합니다. 가톨릭의 중심지인 바티칸에 있습니다.,텍스트초안
LAND-017,랜드마크,시스티나 성당,Sistine Chapel,"시스티나 성당, sistine chapel",normal,,,,,Sistine Chapel 바티칸 시국 바티칸,이곳은 바티칸 바티칸 시국에 있는 랜드마크입니다.,유형으로 보면 성당에 가깝습니다.,바티칸를 대표하는 명소 중 하나입니다.,천장화로 유명한 예배 공간입니다.,미켈란젤로의 작품으로 유명합니다.,시스티나 성당는 바티칸 바티칸 시국에 있는 성당입니다. 천장화로 유명한 예배 공간입니다. 미켈란젤로의 작품으로 유명합니다.,텍스트초안
LAND-018,랜드마크,피사의 사탑,Leaning Tower of Pisa,"피사의 사탑, leaning tower of pisa",easy,,,,,Leaning Tower of Pisa 피사 이탈리아,이곳은 이탈리아 피사에 있는 랜드마크입니다.,유형으로 보면 탑에 가깝습니다.,이탈리아를 대표하는 명소 중 하나입니다.,기울어진 흰색 탑입니다.,이탈리아 피사의 대표 랜드마크입니다.,피사의 사탑는 이탈리아 피사에 있는 탑입니다. 기울어진 흰색 탑입니다. 이탈리아 피사의 대표 랜드마크입니다.,텍스트초안
LAND-019,랜드마크,두오모 디 밀라노,Milan Cathedral,"밀라노 대성당, 두오모 디 밀라노, milan cathedral, duomo di milano",normal,,,,,Milan Cathedral 밀라노 이탈리아,이곳은 이탈리아 밀라노에 있는 랜드마크입니다.,유형으로 보면 대성당에 가깝습니다.,이탈리아를 대표하는 명소 중 하나입니다.,수많은 첨탑과 고딕 양식이 특징입니다.,밀라노 중심부의 대표 성당입니다.,두오모 디 밀라노는 이탈리아 밀라노에 있는 대성당입니다. 수많은 첨탑과 고딕 양식이 특징입니다. 밀라노 중심부의 대표 성당입니다.,텍스트초안
LAND-020,랜드마크,판테온,Pantheon,"판테온, pantheon",normal,,,,,Pantheon 로마 이탈리아,이곳은 이탈리아 로마에 있는 랜드마크입니다.,유형으로 보면 고대 신전에 가깝습니다.,이탈리아를 대표하는 명소 중 하나입니다.,거대한 돔과 원형 천창이 유명합니다.,로마의 고대 건축물입니다.,판테온는 이탈리아 로마에 있는 고대 신전입니다. 거대한 돔과 원형 천창이 유명합니다. 로마의 고대 건축물입니다.,텍스트초안
LAND-021,랜드마크,아크로폴리스,Acropolis of Athens,"아크로폴리스, acropolis, parthenon",easy,,,,,Acropolis of Athens 아테네 그리스,이곳은 그리스 아테네에 있는 랜드마크입니다.,유형으로 보면 고대 유적에 가깝습니다.,그리스를 대표하는 명소 중 하나입니다.,언덕 위의 고대 신전 유적입니다.,파르테논 신전이 있는 아테네의 대표 유적입니다.,아크로폴리스는 그리스 아테네에 있는 고대 유적입니다. 언덕 위의 고대 신전 유적입니다. 파르테논 신전이 있는 아테네의 대표 유적입니다.,텍스트초안
LAND-022,랜드마크,블루 모스크,Blue Mosque,"블루 모스크, sultan ahmed mosque, blue mosque",normal,,,,,Blue Mosque 이스탄불 튀르키예,이곳은 튀르키예 이스탄불에 있는 랜드마크입니다.,유형으로 보면 모스크에 가깝습니다.,튀르키예를 대표하는 명소 중 하나입니다.,여러 개의 첨탑과 돔이 유명합니다.,이스탄불의 대표 이슬람 건축물입니다.,블루 모스크는 튀르키예 이스탄불에 있는 모스크입니다. 여러 개의 첨탑과 돔이 유명합니다. 이스탄불의 대표 이슬람 건축물입니다.,텍스트초안
LAND-023,랜드마크,아야 소피아,Hagia Sophia,"아야 소피아, hagia sophia, aya sofya",easy,,,,,Hagia Sophia 이스탄불 튀르키예,이곳은 튀르키예 이스탄불에 있는 랜드마크입니다.,유형으로 보면 종교 건축에 가깝습니다.,튀르키예를 대표하는 명소 중 하나입니다.,비잔틴과 이슬람 건축 요소가 공존합니다.,이스탄불의 대표 역사 건축물입니다.,아야 소피아는 튀르키예 이스탄불에 있는 종교 건축입니다. 비잔틴과 이슬람 건축 요소가 공존합니다. 이스탄불의 대표 역사 건축물입니다.,텍스트초안
LAND-024,랜드마크,브란덴부르크 문,Brandenburg Gate,"브란덴부르크 문, brandenburg gate",easy,,,,,Brandenburg Gate 베를린 독일,이곳은 독일 베를린에 있는 랜드마크입니다.,유형으로 보면 기념문에 가깝습니다.,독일를 대표하는 명소 중 하나입니다.,고전주의 양식의 거대한 문입니다.,독일 통일의 상징으로 자주 언급됩니다.,브란덴부르크 문는 독일 베를린에 있는 기념문입니다. 고전주의 양식의 거대한 문입니다. 독일 통일의 상징으로 자주 언급됩니다.,텍스트초안
LAND-025,랜드마크,노이슈반슈타인 성,Neuschwanstein Castle,"노이슈반슈타인 성, neuschwanstein castle",easy,,,,,Neuschwanstein Castle 바이에른 독일,이곳은 독일 바이에른에 있는 랜드마크입니다.,유형으로 보면 성에 가깝습니다.,독일를 대표하는 명소 중 하나입니다.,동화 속 성 같은 외관으로 유명합니다.,독일 바이에른의 산악 성입니다.,노이슈반슈타인 성는 독일 바이에른에 있는 성입니다. 동화 속 성 같은 외관으로 유명합니다. 독일 바이에른의 산악 성입니다.,텍스트초안
LAND-026,랜드마크,쾰른 대성당,Cologne Cathedral,"쾰른 대성당, cologne cathedral, kölner dom",normal,,,,,Cologne Cathedral 쾰른 독일,이곳은 독일 쾰른에 있는 랜드마크입니다.,유형으로 보면 대성당에 가깝습니다.,독일를 대표하는 명소 중 하나입니다.,쌍둥이 첨탑이 매우 높게 솟아 있습니다.,독일 쾰른의 대표 고딕 성당입니다.,쾰른 대성당는 독일 쾰른에 있는 대성당입니다. 쌍둥이 첨탑이 매우 높게 솟아 있습니다. 독일 쾰른의 대표 고딕 성당입니다.,텍스트초안
LAND-027,랜드마크,프라하 성,Prague Castle,"프라하 성, prague castle",normal,,,,,Prague Castle 프라하 체코,이곳은 체코 프라하에 있는 랜드마크입니다.,유형으로 보면 성에 가깝습니다.,체코를 대표하는 명소 중 하나입니다.,도시 위 언덕에 자리 잡은 거대한 성곽 단지입니다.,체코 프라하의 대표 랜드마크입니다.,프라하 성는 체코 프라하에 있는 성입니다. 도시 위 언덕에 자리 잡은 거대한 성곽 단지입니다. 체코 프라하의 대표 랜드마크입니다.,텍스트초안
LAND-028,랜드마크,체인 브리지,Chain Bridge,"체인 브리지, chain bridge, szechenyi chain bridge",normal,,,,,Chain Bridge 부다페스트 헝가리,이곳은 헝가리 부다페스트에 있는 랜드마크입니다.,유형으로 보면 다리에 가깝습니다.,헝가리를 대표하는 명소 중 하나입니다.,강 양쪽의 도시를 잇는 현수교입니다.,부다페스트 다뉴브강의 대표 다리입니다.,체인 브리지는 헝가리 부다페스트에 있는 다리입니다. 강 양쪽의 도시를 잇는 현수교입니다. 부다페스트 다뉴브강의 대표 다리입니다.,텍스트초안
LAND-029,랜드마크,쇤브룬 궁전,Schonbrunn Palace,"쇤브룬 궁전, schonbrunn palace, schönbrunn palace",normal,,,,,Schonbrunn Palace 빈 오스트리아,이곳은 오스트리아 빈에 있는 랜드마크입니다.,유형으로 보면 궁전에 가깝습니다.,오스트리아를 대표하는 명소 중 하나입니다.,넓은 정원과 황실 궁전이 유명합니다.,오스트리아 빈의 대표 궁전입니다.,쇤브룬 궁전는 오스트리아 빈에 있는 궁전입니다. 넓은 정원과 황실 궁전이 유명합니다. 오스트리아 빈의 대표 궁전입니다.,텍스트초안
LAND-030,랜드마크,빈 국립 오페라극장,Vienna State Opera,"빈 국립 오페라극장, vienna state opera",hard,,,,,Vienna State Opera 빈 오스트리아,이곳은 오스트리아 빈에 있는 랜드마크입니다.,유형으로 보면 공연장에 가깝습니다.,오스트리아를 대표하는 명소 중 하나입니다.,음악 도시의 대표 공연장입니다.,오스트리아 빈의 오페라 극장입니다.,빈 국립 오페라극장는 오스트리아 빈에 있는 공연장입니다. 음악 도시의 대표 공연장입니다. 오스트리아 빈의 오페라 극장입니다.,텍스트초안
LAND-031,랜드마크,성 바실리 대성당,Saint Basil Cathedral,"성 바실리 대성당, saint basil cathedral",easy,,,,,Saint Basil Cathedral 모스크바 러시아,이곳은 러시아 모스크바에 있는 랜드마크입니다.,유형으로 보면 성당에 가깝습니다.,러시아를 대표하는 명소 중 하나입니다.,알록달록한 양파형 돔이 유명합니다.,모스크바 붉은 광장에 있습니다.,성 바실리 대성당는 러시아 모스크바에 있는 성당입니다. 알록달록한 양파형 돔이 유명합니다. 모스크바 붉은 광장에 있습니다.,텍스트초안
LAND-032,랜드마크,크렘린,Moscow Kremlin,"크렘린, moscow kremlin, kremlin",normal,,,,,Moscow Kremlin 모스크바 러시아,이곳은 러시아 모스크바에 있는 랜드마크입니다.,유형으로 보면 요새/궁전에 가깝습니다.,러시아를 대표하는 명소 중 하나입니다.,붉은 성벽과 탑으로 둘러싸인 복합 단지입니다.,러시아 정치 권력의 상징으로 알려져 있습니다.,크렘린는 러시아 모스크바에 있는 요새/궁전입니다. 붉은 성벽과 탑으로 둘러싸인 복합 단지입니다. 러시아 정치 권력의 상징으로 알려져 있습니다.,텍스트초안
LAND-033,랜드마크,에르미타주 박물관,Hermitage Museum,"에르미타주, hermitage museum",normal,,,,,Hermitage Museum 상트페테르부르크 러시아,이곳은 러시아 상트페테르부르크에 있는 랜드마크입니다.,유형으로 보면 박물관에 가깝습니다.,러시아를 대표하는 명소 중 하나입니다.,겨울궁전 건물과 방대한 소장품으로 유명합니다.,상트페테르부르크의 대표 박물관입니다.,에르미타주 박물관는 러시아 상트페테르부르크에 있는 박물관입니다. 겨울궁전 건물과 방대한 소장품으로 유명합니다. 상트페테르부르크의 대표 박물관입니다.,텍스트초안
LAND-034,랜드마크,페트라,Petra,"페트라, petra",easy,,,,,Petra 페트라 요르단,이곳은 요르단 페트라에 있는 랜드마크입니다.,유형으로 보면 고대 도시 유적에 가깝습니다.,요르단를 대표하는 명소 중 하나입니다.,붉은 사암 절벽을 깎아 만든 건축물이 유명합니다.,요르단의 대표 고대 도시 유적입니다.,페트라는 요르단 페트라에 있는 고대 도시 유적입니다. 붉은 사암 절벽을 깎아 만든 건축물이 유명합니다. 요르단의 대표 고대 도시 유적입니다.,텍스트초안
LAND-035,랜드마크,부르즈 칼리파,Burj Khalifa,"부르즈 칼리파, burj khalifa",easy,,,,,Burj Khalifa 두바이 아랍에미리트,이곳은 아랍에미리트 두바이에 있는 랜드마크입니다.,유형으로 보면 초고층 빌딩에 가깝습니다.,아랍에미리트를 대표하는 명소 중 하나입니다.,세계적인 초고층 건축물로 알려져 있습니다.,두바이의 스카이라인을 상징합니다.,부르즈 칼리파는 아랍에미리트 두바이에 있는 초고층 빌딩입니다. 세계적인 초고층 건축물로 알려져 있습니다. 두바이의 스카이라인을 상징합니다.,텍스트초안
LAND-036,랜드마크,버즈 알 아랍,Burj Al Arab,"버즈 알 아랍, burj al arab",normal,,,,,Burj Al Arab 두바이 아랍에미리트,이곳은 아랍에미리트 두바이에 있는 랜드마크입니다.,유형으로 보면 호텔에 가깝습니다.,아랍에미리트를 대표하는 명소 중 하나입니다.,돛 모양 외관이 유명합니다.,두바이 해안의 대표 호텔 건축물입니다.,버즈 알 아랍는 아랍에미리트 두바이에 있는 호텔입니다. 돛 모양 외관이 유명합니다. 두바이 해안의 대표 호텔 건축물입니다.,텍스트초안
LAND-037,랜드마크,셰이크 자이드 그랜드 모스크,Sheikh Zayed Grand Mosque,"셰이크 자이드 모스크, sheikh zayed grand mosque",normal,,,,,Sheikh Zayed Grand Mosque 아부다비 아랍에미리트,이곳은 아랍에미리트 아부다비에 있는 랜드마크입니다.,유형으로 보면 모스크에 가깝습니다.,아랍에미리트를 대표하는 명소 중 하나입니다.,흰색 대리석과 거대한 돔이 유명합니다.,아부다비의 대표 모스크입니다.,셰이크 자이드 그랜드 모스크는 아랍에미리트 아부다비에 있는 모스크입니다. 흰색 대리석과 거대한 돔이 유명합니다. 아부다비의 대표 모스크입니다.,텍스트초안
LAND-038,랜드마크,메카 대모스크,Masjid al-Haram,"메카 대모스크, masjid al-haram, kaaba, 카바",normal,,,,,Masjid al-Haram 메카 사우디아라비아,이곳은 사우디아라비아 메카에 있는 랜드마크입니다.,유형으로 보면 성지에 가깝습니다.,사우디아라비아를 대표하는 명소 중 하나입니다.,검은 입방체 구조물을 중심으로 순례가 이루어집니다.,이슬람교의 가장 중요한 성지 중 하나입니다.,메카 대모스크는 사우디아라비아 메카에 있는 성지입니다. 검은 입방체 구조물을 중심으로 순례가 이루어집니다. 이슬람교의 가장 중요한 성지 중 하나입니다.,텍스트초안
LAND-039,랜드마크,바위의 돔,Dome of the Rock,"바위의 돔, dome of the rock",normal,,,,,Dome of the Rock 예루살렘 예루살렘,이곳은 예루살렘에 있는 랜드마크입니다.,유형으로 보면 종교 건축에 가깝습니다.,예루살렘를 대표하는 명소 중 하나입니다.,황금빛 돔이 매우 인상적입니다.,예루살렘 구시가지의 대표 성지입니다.,바위의 돔는 예루살렘에 있는 종교 건축입니다. 황금빛 돔이 매우 인상적입니다. 예루살렘 구시가지의 대표 성지입니다.,텍스트초안
LAND-040,랜드마크,통곡의 벽,Western Wall,"통곡의 벽, western wall, wailing wall",normal,,,,,Western Wall 예루살렘 예루살렘,이곳은 예루살렘에 있는 랜드마크입니다.,유형으로 보면 종교 유적에 가깝습니다.,예루살렘를 대표하는 명소 중 하나입니다.,돌벽 앞에서 기도하는 모습으로 유명합니다.,예루살렘의 대표적인 유대교 성지입니다.,통곡의 벽는 예루살렘에 있는 종교 유적입니다. 돌벽 앞에서 기도하는 모습으로 유명합니다. 예루살렘의 대표적인 유대교 성지입니다.,텍스트초안
LAND-041,랜드마크,이스파한 이맘 광장,Naqsh-e Jahan Square,"이맘 광장, naqsh-e jahan square, imam square isfahan",hard,,,,,Naqsh-e Jahan Square 이스파한 이란,이곳은 이란 이스파한에 있는 랜드마크입니다.,유형으로 보면 광장에 가깝습니다.,이란를 대표하는 명소 중 하나입니다.,거대한 광장과 이슬람 건축물이 어우러집니다.,이란 이스파한의 대표 세계유산입니다.,이스파한 이맘 광장는 이란 이스파한에 있는 광장입니다. 거대한 광장과 이슬람 건축물이 어우러집니다. 이란 이스파한의 대표 세계유산입니다.,텍스트초안
LAND-042,랜드마크,만리장성,Great Wall of China,"만리장성, great wall of china",easy,,,,,Great Wall of China 중국 북부 중국,이곳은 중국 중국 북부에 있는 랜드마크입니다.,유형으로 보면 성벽에 가깝습니다.,중국를 대표하는 명소 중 하나입니다.,산등성이를 따라 길게 이어진 성벽입니다.,중국을 대표하는 거대한 방어 시설입니다.,만리장성는 중국 중국 북부에 있는 성벽입니다. 산등성이를 따라 길게 이어진 성벽입니다. 중국을 대표하는 거대한 방어 시설입니다.,텍스트초안
LAND-043,랜드마크,자금성,Forbidden City,"자금성, forbidden city",easy,,,,,Forbidden City 베이징 중국,이곳은 중국 베이징에 있는 랜드마크입니다.,유형으로 보면 궁궐에 가깝습니다.,중국를 대표하는 명소 중 하나입니다.,붉은 성벽과 거대한 궁궐 단지가 유명합니다.,중국 베이징의 황궁 유적입니다.,자금성는 중국 베이징에 있는 궁궐입니다. 붉은 성벽과 거대한 궁궐 단지가 유명합니다. 중국 베이징의 황궁 유적입니다.,텍스트초안
LAND-044,랜드마크,천단,Temple of Heaven,"천단, temple of heaven",normal,,,,,Temple of Heaven 베이징 중국,이곳은 중국 베이징에 있는 랜드마크입니다.,유형으로 보면 제례 건축에 가깝습니다.,중국를 대표하는 명소 중 하나입니다.,원형 지붕의 제례 건축물이 유명합니다.,베이징의 대표 역사 유적입니다.,천단는 중국 베이징에 있는 제례 건축입니다. 원형 지붕의 제례 건축물이 유명합니다. 베이징의 대표 역사 유적입니다.,텍스트초안
LAND-045,랜드마크,병마용,Terracotta Army,"병마용, terracotta army",easy,,,,,Terracotta Army 시안 중국,이곳은 중국 시안에 있는 랜드마크입니다.,유형으로 보면 고대 유적에 가깝습니다.,중국를 대표하는 명소 중 하나입니다.,수많은 흙 병사 조각으로 유명합니다.,진시황릉과 관련된 중국 유적입니다.,병마용는 중국 시안에 있는 고대 유적입니다. 수많은 흙 병사 조각으로 유명합니다. 진시황릉과 관련된 중국 유적입니다.,텍스트초안
LAND-046,랜드마크,동방명주탑,Oriental Pearl Tower,"동방명주탑, oriental pearl tower",normal,,,,,Oriental Pearl Tower 상하이 중국,이곳은 중국 상하이에 있는 랜드마크입니다.,유형으로 보면 방송탑에 가깝습니다.,중국를 대표하는 명소 중 하나입니다.,구슬 모양 구조물이 이어진 탑입니다.,상하이 푸둥 스카이라인의 대표 건축물입니다.,동방명주탑는 중국 상하이에 있는 방송탑입니다. 구슬 모양 구조물이 이어진 탑입니다. 상하이 푸둥 스카이라인의 대표 건축물입니다.,텍스트초안
LAND-047,랜드마크,타이베이 101,Taipei 101,"타이베이 101, taipei 101",easy,,,,,Taipei 101 타이베이 대만,이곳은 대만 타이베이에 있는 랜드마크입니다.,유형으로 보면 초고층 빌딩에 가깝습니다.,대만를 대표하는 명소 중 하나입니다.,대나무 마디 같은 외관이 특징입니다.,타이베이의 대표 초고층 건물입니다.,타이베이 101는 대만 타이베이에 있는 초고층 빌딩입니다. 대나무 마디 같은 외관이 특징입니다. 타이베이의 대표 초고층 건물입니다.,텍스트초안
LAND-048,랜드마크,빅토리아 피크,Victoria Peak,"빅토리아 피크, victoria peak, the peak hong kong",normal,,,,,Victoria Peak 홍콩 홍콩,이곳은 홍콩에 있는 랜드마크입니다.,유형으로 보면 전망 명소에 가깝습니다.,홍콩를 대표하는 명소 중 하나입니다.,고밀도 항구 도시를 내려다보는 전망지입니다.,홍콩 스카이라인 전망으로 유명합니다.,빅토리아 피크는 홍콩에 있는 전망 명소입니다. 고밀도 항구 도시를 내려다보는 전망지입니다. 홍콩 스카이라인 전망으로 유명합니다.,텍스트초안
LAND-049,랜드마크,마리나 베이 샌즈,Marina Bay Sands,"마리나 베이 샌즈, marina bay sands",easy,,,,,Marina Bay Sands 싱가포르 싱가포르,이곳은 싱가포르에 있는 랜드마크입니다.,유형으로 보면 호텔/복합시설에 가깝습니다.,싱가포르를 대표하는 명소 중 하나입니다.,세 개의 타워 위에 배 모양 구조가 있습니다.,싱가포르 마리나 베이의 대표 랜드마크입니다.,마리나 베이 샌즈는 싱가포르에 있는 호텔/복합시설입니다. 세 개의 타워 위에 배 모양 구조가 있습니다. 싱가포르 마리나 베이의 대표 랜드마크입니다.,텍스트초안
LAND-050,랜드마크,머라이언,Merlion,"머라이언, merlion",easy,,,,,Merlion 싱가포르 싱가포르,이곳은 싱가포르에 있는 랜드마크입니다.,유형으로 보면 조형물에 가깝습니다.,싱가포르를 대표하는 명소 중 하나입니다.,사자 머리와 물고기 몸을 가진 조형물입니다.,싱가포르를 상징하는 조형물입니다.,머라이언는 싱가포르에 있는 조형물입니다. 사자 머리와 물고기 몸을 가진 조형물입니다. 싱가포르를 상징하는 조형물입니다.,텍스트초안
LAND-051,랜드마크,페트로나스 트윈 타워,Petronas Twin Towers,"페트로나스 트윈 타워, petronas twin towers",easy,,,,,Petronas Twin Towers 쿠알라룸푸르 말레이시아,이곳은 말레이시아 쿠알라룸푸르에 있는 랜드마크입니다.,유형으로 보면 쌍둥이 빌딩에 가깝습니다.,말레이시아를 대표하는 명소 중 하나입니다.,두 개의 높은 탑이 다리로 연결되어 있습니다.,쿠알라룸푸르의 대표 초고층 건물입니다.,페트로나스 트윈 타워는 말레이시아 쿠알라룸푸르에 있는 쌍둥이 빌딩입니다. 두 개의 높은 탑이 다리로 연결되어 있습니다. 쿠알라룸푸르의 대표 초고층 건물입니다.,텍스트초안
LAND-052,랜드마크,앙코르와트,Angkor Wat,"앙코르와트, angkor wat",easy,,,,,Angkor Wat 시엠립 캄보디아,이곳은 캄보디아 시엠립에 있는 랜드마크입니다.,유형으로 보면 사원 유적에 가깝습니다.,캄보디아를 대표하는 명소 중 하나입니다.,거대한 사원과 해자 구조가 유명합니다.,캄보디아의 대표 고대 사원 유적입니다.,앙코르와트는 캄보디아 시엠립에 있는 사원 유적입니다. 거대한 사원과 해자 구조가 유명합니다. 캄보디아의 대표 고대 사원 유적입니다.,텍스트초안
LAND-053,랜드마크,쉐다곤 파고다,Shwedagon Pagoda,"쉐다곤 파고다, shwedagon pagoda",normal,,,,,Shwedagon Pagoda 양곤 미얀마,이곳은 미얀마 양곤에 있는 랜드마크입니다.,유형으로 보면 불교 사원에 가깝습니다.,미얀마를 대표하는 명소 중 하나입니다.,황금빛 거대한 탑이 유명합니다.,미얀마 양곤의 대표 불교 성지입니다.,쉐다곤 파고다는 미얀마 양곤에 있는 불교 사원입니다. 황금빛 거대한 탑이 유명합니다. 미얀마 양곤의 대표 불교 성지입니다.,텍스트초안
LAND-054,랜드마크,보로부두르,Borobudur,"보로부두르, borobudur",normal,,,,,Borobudur 자바 인도네시아,이곳은 인도네시아 자바에 있는 랜드마크입니다.,유형으로 보면 불교 유적에 가깝습니다.,인도네시아를 대표하는 명소 중 하나입니다.,계단식 석조 구조와 수많은 불상이 있습니다.,인도네시아 자바섬의 대표 불교 유적입니다.,보로부두르는 인도네시아 자바에 있는 불교 유적입니다. 계단식 석조 구조와 수많은 불상이 있습니다. 인도네시아 자바섬의 대표 불교 유적입니다.,텍스트초안
LAND-055,랜드마크,프람바난,Prambanan,"프람바난, prambanan",hard,,,,,Prambanan 자바 인도네시아,이곳은 인도네시아 자바에 있는 랜드마크입니다.,유형으로 보면 힌두 사원에 가깝습니다.,인도네시아를 대표하는 명소 중 하나입니다.,뾰족한 석조 첨탑들이 모여 있습니다.,인도네시아 자바섬의 대표 힌두 사원입니다.,프람바난는 인도네시아 자바에 있는 힌두 사원입니다. 뾰족한 석조 첨탑들이 모여 있습니다. 인도네시아 자바섬의 대표 힌두 사원입니다.,텍스트초안
LAND-056,랜드마크,바간 사원군,Bagan Temples,"바간, bagan temples",normal,,,,,Bagan Temples 바간 미얀마,이곳은 미얀마 바간에 있는 랜드마크입니다.,유형으로 보면 사원 유적에 가깝습니다.,미얀마를 대표하는 명소 중 하나입니다.,평원 위에 수많은 사원과 탑이 흩어져 있습니다.,미얀마의 대표 고대 유적지입니다.,바간 사원군는 미얀마 바간에 있는 사원 유적입니다. 평원 위에 수많은 사원과 탑이 흩어져 있습니다. 미얀마의 대표 고대 유적지입니다.,텍스트초안
LAND-057,랜드마크,하롱베이,Ha Long Bay,"하롱베이, ha long bay, halong bay",easy,,,,,Ha Long Bay 꽝닌성 베트남,이곳은 베트남 꽝닌성에 있는 랜드마크입니다.,유형으로 보면 자연 명소에 가깝습니다.,베트남를 대표하는 명소 중 하나입니다.,바다 위로 솟은 석회암 섬들이 유명합니다.,베트남 북부의 대표 자연 명소입니다.,하롱베이는 베트남 꽝닌성에 있는 자연 명소입니다. 바다 위로 솟은 석회암 섬들이 유명합니다. 베트남 북부의 대표 자연 명소입니다.,텍스트초안
LAND-058,랜드마크,골든 브리지,Golden Bridge,"골든 브리지, golden bridge vietnam, ba na hills",normal,,,,,Golden Bridge 다낭 베트남,이곳은 베트남 다낭에 있는 랜드마크입니다.,유형으로 보면 다리에 가깝습니다.,베트남를 대표하는 명소 중 하나입니다.,거대한 손이 다리를 받치는 모습이 유명합니다.,베트남 바나힐의 관광 명소입니다.,골든 브리지는 베트남 다낭에 있는 다리입니다. 거대한 손이 다리를 받치는 모습이 유명합니다. 베트남 바나힐의 관광 명소입니다.,텍스트초안
LAND-059,랜드마크,경복궁,Gyeongbokgung Palace,"경복궁, gyeongbokgung palace",easy,,,,,Gyeongbokgung Palace 서울 대한민국,이곳은 대한민국 서울에 있는 랜드마크입니다.,유형으로 보면 궁궐에 가깝습니다.,대한민국를 대표하는 명소 중 하나입니다.,전통 궁궐과 광화문이 유명합니다.,서울의 대표 조선 왕궁입니다.,경복궁는 대한민국 서울에 있는 궁궐입니다. 전통 궁궐과 광화문이 유명합니다. 서울의 대표 조선 왕궁입니다.,텍스트초안
LAND-060,랜드마크,N서울타워,N Seoul Tower,"N서울타워, 남산타워, n seoul tower",easy,,,,,N Seoul Tower 서울 대한민국,이곳은 대한민국 서울에 있는 랜드마크입니다.,유형으로 보면 전망탑에 가깝습니다.,대한민국를 대표하는 명소 중 하나입니다.,산 위에 있는 서울의 전망탑입니다.,남산에 있는 서울의 대표 랜드마크입니다.,N서울타워는 대한민국 서울에 있는 전망탑입니다. 산 위에 있는 서울의 전망탑입니다. 남산에 있는 서울의 대표 랜드마크입니다.,텍스트초안
LAND-061,랜드마크,불국사,Bulguksa Temple,"불국사, bulguksa temple",normal,,,,,Bulguksa Temple 경주 대한민국,이곳은 대한민국 경주에 있는 랜드마크입니다.,유형으로 보면 사찰에 가깝습니다.,대한민국를 대표하는 명소 중 하나입니다.,석탑과 전통 사찰 건축이 유명합니다.,경주의 대표 불교 문화유산입니다.,불국사는 대한민국 경주에 있는 사찰입니다. 석탑과 전통 사찰 건축이 유명합니다. 경주의 대표 불교 문화유산입니다.,텍스트초안
LAND-062,랜드마크,후지산,Mount Fuji,"후지산, mount fuji, fuji mountain",easy,,,,,Mount Fuji 혼슈 일본,이곳은 일본 혼슈에 있는 랜드마크입니다.,유형으로 보면 산에 가깝습니다.,일본를 대표하는 명소 중 하나입니다.,대칭적인 원뿔형 산 모양이 유명합니다.,일본을 상징하는 산입니다.,후지산는 일본 혼슈에 있는 산입니다. 대칭적인 원뿔형 산 모양이 유명합니다. 일본을 상징하는 산입니다.,텍스트초안
LAND-063,랜드마크,후시미 이나리 신사,Fushimi Inari Shrine,"후시미 이나리, fushimi inari shrine",easy,,,,,Fushimi Inari Shrine 교토 일본,이곳은 일본 교토에 있는 랜드마크입니다.,유형으로 보면 신사에 가깝습니다.,일본를 대표하는 명소 중 하나입니다.,붉은 도리이 문이 끝없이 이어집니다.,교토의 대표 신사입니다.,후시미 이나리 신사는 일본 교토에 있는 신사입니다. 붉은 도리이 문이 끝없이 이어집니다. 교토의 대표 신사입니다.,텍스트초안
LAND-064,랜드마크,기요미즈데라,Kiyomizu-dera,"기요미즈데라, kiyomizu dera, kiyomizu-dera",normal,,,,,Kiyomizu-dera 교토 일본,이곳은 일본 교토에 있는 랜드마크입니다.,유형으로 보면 사찰에 가깝습니다.,일본를 대표하는 명소 중 하나입니다.,나무 기둥 위의 큰 무대가 유명합니다.,교토의 대표 사찰입니다.,기요미즈데라는 일본 교토에 있는 사찰입니다. 나무 기둥 위의 큰 무대가 유명합니다. 교토의 대표 사찰입니다.,텍스트초안
LAND-065,랜드마크,오사카성,Osaka Castle,"오사카성, osaka castle",normal,,,,,Osaka Castle 오사카 일본,이곳은 일본 오사카에 있는 랜드마크입니다.,유형으로 보면 성에 가깝습니다.,일본를 대표하는 명소 중 하나입니다.,해자와 높은 천수각이 특징입니다.,오사카의 대표 역사 랜드마크입니다.,오사카성는 일본 오사카에 있는 성입니다. 해자와 높은 천수각이 특징입니다. 오사카의 대표 역사 랜드마크입니다.,텍스트초안
LAND-066,랜드마크,히메지성,Himeji Castle,"히메지성, himeji castle",normal,,,,,Himeji Castle 히메지 일본,이곳은 일본 히메지에 있는 랜드마크입니다.,유형으로 보면 성에 가깝습니다.,일본를 대표하는 명소 중 하나입니다.,흰색 외관 때문에 백로성으로 불립니다.,일본의 대표 목조 성곽입니다.,히메지성는 일본 히메지에 있는 성입니다. 흰색 외관 때문에 백로성으로 불립니다. 일본의 대표 목조 성곽입니다.,텍스트초안
LAND-067,랜드마크,도쿄 스카이트리,Tokyo Skytree,"도쿄 스카이트리, tokyo skytree",easy,,,,,Tokyo Skytree 도쿄 일본,이곳은 일본 도쿄에 있는 랜드마크입니다.,유형으로 보면 전망탑에 가깝습니다.,일본를 대표하는 명소 중 하나입니다.,매우 높은 방송·전망탑입니다.,도쿄의 대표 현대 랜드마크입니다.,도쿄 스카이트리는 일본 도쿄에 있는 전망탑입니다. 매우 높은 방송·전망탑입니다. 도쿄의 대표 현대 랜드마크입니다.,텍스트초안
LAND-068,랜드마크,시부야 스크램블 교차로,Shibuya Crossing,"시부야 스크램블, shibuya crossing",easy,,,,,Shibuya Crossing 도쿄 일본,이곳은 일본 도쿄에 있는 랜드마크입니다.,유형으로 보면 거리 명소에 가깝습니다.,일본를 대표하는 명소 중 하나입니다.,사람들이 사방에서 동시에 건너는 교차로입니다.,도쿄 시부야의 대표 거리 명소입니다.,시부야 스크램블 교차로는 일본 도쿄에 있는 거리 명소입니다. 사람들이 사방에서 동시에 건너는 교차로입니다. 도쿄 시부야의 대표 거리 명소입니다.,텍스트초안
LAND-069,랜드마크,시드니 오페라 하우스,Sydney Opera House,"시드니 오페라 하우스, sydney opera house",easy,,,,,Sydney Opera House 시드니 호주,이곳은 호주 시드니에 있는 랜드마크입니다.,유형으로 보면 공연장에 가깝습니다.,호주를 대표하는 명소 중 하나입니다.,조개껍데기 같은 지붕 형태가 유명합니다.,시드니 항구의 대표 건축물입니다.,시드니 오페라 하우스는 호주 시드니에 있는 공연장입니다. 조개껍데기 같은 지붕 형태가 유명합니다. 시드니 항구의 대표 건축물입니다.,텍스트초안
LAND-070,랜드마크,하버 브리지,Sydney Harbour Bridge,"하버 브리지, sydney harbour bridge",easy,,,,,Sydney Harbour Bridge 시드니 호주,이곳은 호주 시드니에 있는 랜드마크입니다.,유형으로 보면 다리에 가깝습니다.,호주를 대표하는 명소 중 하나입니다.,거대한 아치형 철교가 항구를 가로지릅니다.,시드니 항구의 대표 다리입니다.,하버 브리지는 호주 시드니에 있는 다리입니다. 거대한 아치형 철교가 항구를 가로지릅니다. 시드니 항구의 대표 다리입니다.,텍스트초안
LAND-071,랜드마크,울루루,Uluru,"울루루, uluru, ayers rock",easy,,,,,Uluru 노던준주 호주,이곳은 호주 노던준주에 있는 랜드마크입니다.,유형으로 보면 자연 명소에 가깝습니다.,호주를 대표하는 명소 중 하나입니다.,붉은 거대한 바위산이 사막에 솟아 있습니다.,호주 원주민 문화와 관련 깊은 자연 명소입니다.,울루루는 호주 노던준주에 있는 자연 명소입니다. 붉은 거대한 바위산이 사막에 솟아 있습니다. 호주 원주민 문화와 관련 깊은 자연 명소입니다.,텍스트초안
LAND-072,랜드마크,그레이트 배리어 리프,Great Barrier Reef,"그레이트 배리어 리프, great barrier reef",normal,,,,,Great Barrier Reef 퀸즐랜드 호주,이곳은 호주 퀸즐랜드에 있는 랜드마크입니다.,유형으로 보면 자연 명소에 가깝습니다.,호주를 대표하는 명소 중 하나입니다.,거대한 산호초 지대로 유명합니다.,호주 동북부 해안의 대표 자연유산입니다.,그레이트 배리어 리프는 호주 퀸즐랜드에 있는 자연 명소입니다. 거대한 산호초 지대로 유명합니다. 호주 동북부 해안의 대표 자연유산입니다.,텍스트초안
LAND-073,랜드마크,스카이타워,Sky Tower,"스카이타워, sky tower auckland",normal,,,,,Sky Tower 오클랜드 뉴질랜드,이곳은 뉴질랜드 오클랜드에 있는 랜드마크입니다.,유형으로 보면 전망탑에 가깝습니다.,뉴질랜드를 대표하는 명소 중 하나입니다.,도심에 솟은 높은 타워입니다.,오클랜드의 대표 랜드마크입니다.,스카이타워는 뉴질랜드 오클랜드에 있는 전망탑입니다. 도심에 솟은 높은 타워입니다. 오클랜드의 대표 랜드마크입니다.,텍스트초안
LAND-074,랜드마크,마추픽추,Machu Picchu,"마추픽추, machu picchu",easy,,,,,Machu Picchu 쿠스코 인근 페루,이곳은 페루 쿠스코 인근에 있는 랜드마크입니다.,유형으로 보면 고대 도시 유적에 가깝습니다.,페루를 대표하는 명소 중 하나입니다.,안데스 산맥 위에 있는 고대 도시 유적입니다.,잉카 문명의 대표 유적입니다.,마추픽추는 페루 쿠스코 인근에 있는 고대 도시 유적입니다. 안데스 산맥 위에 있는 고대 도시 유적입니다. 잉카 문명의 대표 유적입니다.,텍스트초안
LAND-075,랜드마크,구세주 그리스도상,Christ the Redeemer,"구세주 그리스도상, christ the redeemer",easy,,,,,Christ the Redeemer 리우데자네이루 브라질,이곳은 브라질 리우데자네이루에 있는 랜드마크입니다.,유형으로 보면 기념상에 가깝습니다.,브라질를 대표하는 명소 중 하나입니다.,두 팔을 벌린 거대한 예수상이 산 위에 있습니다.,리우데자네이루를 대표하는 랜드마크입니다.,구세주 그리스도상는 브라질 리우데자네이루에 있는 기념상입니다. 두 팔을 벌린 거대한 예수상이 산 위에 있습니다. 리우데자네이루를 대표하는 랜드마크입니다.,텍스트초안
LAND-076,랜드마크,슈거로프산,Sugarloaf Mountain,"슈거로프산, sugarloaf mountain rio",normal,,,,,Sugarloaf Mountain 리우데자네이루 브라질,이곳은 브라질 리우데자네이루에 있는 랜드마크입니다.,유형으로 보면 자연 명소에 가깝습니다.,브라질를 대표하는 명소 중 하나입니다.,바다 옆에 솟은 둥근 바위산입니다.,리우데자네이루의 대표 전망 명소입니다.,슈거로프산는 브라질 리우데자네이루에 있는 자연 명소입니다. 바다 옆에 솟은 둥근 바위산입니다. 리우데자네이루의 대표 전망 명소입니다.,텍스트초안
LAND-077,랜드마크,이과수 폭포,Iguazu Falls,"이과수 폭포, iguazu falls, iguassu falls",easy,,,,,Iguazu Falls 이과수 아르헨티나/브라질,이곳은 아르헨티나/브라질 이과수에 있는 랜드마크입니다.,유형으로 보면 폭포에 가깝습니다.,아르헨티나/브라질를 대표하는 명소 중 하나입니다.,거대한 폭포군이 국경 지역에 펼쳐져 있습니다.,남미의 대표 자연 명소입니다.,이과수 폭포는 아르헨티나/브라질 이과수에 있는 폭포입니다. 거대한 폭포군이 국경 지역에 펼쳐져 있습니다. 남미의 대표 자연 명소입니다.,텍스트초안
LAND-078,랜드마크,살라르 데 우유니,Salar de Uyuni,"우유니 소금사막, salar de uyuni",easy,,,,,Salar de Uyuni 우유니 볼리비아,이곳은 볼리비아 우유니에 있는 랜드마크입니다.,유형으로 보면 소금 사막에 가깝습니다.,볼리비아를 대표하는 명소 중 하나입니다.,비가 오면 거울 같은 풍경이 생깁니다.,볼리비아의 거대한 소금 사막입니다.,살라르 데 우유니는 볼리비아 우유니에 있는 소금 사막입니다. 비가 오면 거울 같은 풍경이 생깁니다. 볼리비아의 거대한 소금 사막입니다.,텍스트초안
LAND-079,랜드마크,갈라파고스 제도,Galapagos Islands,"갈라파고스, galapagos islands",normal,,,,,Galapagos Islands 갈라파고스 에콰도르,이곳은 에콰도르 갈라파고스에 있는 랜드마크입니다.,유형으로 보면 섬 자연유산에 가깝습니다.,에콰도르를 대표하는 명소 중 하나입니다.,독특한 동식물로 유명한 화산섬들입니다.,다윈의 진화론과 관련해 자주 언급됩니다.,갈라파고스 제도는 에콰도르 갈라파고스에 있는 섬 자연유산입니다. 독특한 동식물로 유명한 화산섬들입니다. 다윈의 진화론과 관련해 자주 언급됩니다.,텍스트초안
LAND-080,랜드마크,파나마 운하,Panama Canal,"파나마 운하, panama canal",easy,,,,,Panama Canal 파나마 파나마,이곳은 파나마에 있는 랜드마크입니다.,유형으로 보면 운하에 가깝습니다.,파나마를 대표하는 명소 중 하나입니다.,두 대양을 연결하는 인공 수로입니다.,중앙아메리카의 대표 교통 인프라입니다.,파나마 운하는 파나마에 있는 운하입니다. 두 대양을 연결하는 인공 수로입니다. 중앙아메리카의 대표 교통 인프라입니다.,텍스트초안
LAND-081,랜드마크,치첸이트사,Chichen Itza,"치첸이트사, chichen itza",easy,,,,,Chichen Itza 유카탄 멕시코,이곳은 멕시코 유카탄에 있는 랜드마크입니다.,유형으로 보면 마야 유적에 가깝습니다.,멕시코를 대표하는 명소 중 하나입니다.,계단식 피라미드가 유명합니다.,멕시코의 대표 마야 문명 유적입니다.,치첸이트사는 멕시코 유카탄에 있는 마야 유적입니다. 계단식 피라미드가 유명합니다. 멕시코의 대표 마야 문명 유적입니다.,텍스트초안
LAND-082,랜드마크,테오티우아칸,Teotihuacan,"테오티우아칸, teotihuacan",normal,,,,,Teotihuacan 멕시코주 멕시코,이곳은 멕시코 멕시코주에 있는 랜드마크입니다.,유형으로 보면 고대 도시 유적에 가깝습니다.,멕시코를 대표하는 명소 중 하나입니다.,태양의 피라미드와 넓은 대로가 유명합니다.,멕시코의 대표 고대 도시 유적입니다.,테오티우아칸는 멕시코 멕시코주에 있는 고대 도시 유적입니다. 태양의 피라미드와 넓은 대로가 유명합니다. 멕시코의 대표 고대 도시 유적입니다.,텍스트초안
LAND-083,랜드마크,타임스퀘어,Times Square,"타임스퀘어, times square",easy,,,,,Times Square 뉴욕 미국,이곳은 미국 뉴욕에 있는 랜드마크입니다.,유형으로 보면 광장/거리에 가깝습니다.,미국를 대표하는 명소 중 하나입니다.,대형 전광판과 브로드웨이 극장가가 유명합니다.,뉴욕 맨해튼의 대표 번화가입니다.,타임스퀘어는 미국 뉴욕에 있는 광장/거리입니다. 대형 전광판과 브로드웨이 극장가가 유명합니다. 뉴욕 맨해튼의 대표 번화가입니다.,텍스트초안
LAND-084,랜드마크,엠파이어 스테이트 빌딩,Empire State Building,"엠파이어 스테이트 빌딩, empire state building",easy,,,,,Empire State Building 뉴욕 미국,이곳은 미국 뉴욕에 있는 랜드마크입니다.,유형으로 보면 초고층 빌딩에 가깝습니다.,미국를 대표하는 명소 중 하나입니다.,아르데코 양식의 고층 빌딩입니다.,뉴욕 맨해튼의 대표 마천루입니다.,엠파이어 스테이트 빌딩는 미국 뉴욕에 있는 초고층 빌딩입니다. 아르데코 양식의 고층 빌딩입니다. 뉴욕 맨해튼의 대표 마천루입니다.,텍스트초안
LAND-085,랜드마크,골든게이트 브리지,Golden Gate Bridge,"금문교, 골든게이트 브리지, golden gate bridge",easy,,,,,Golden Gate Bridge 샌프란시스코 미국,이곳은 미국 샌프란시스코에 있는 랜드마크입니다.,유형으로 보면 다리에 가깝습니다.,미국를 대표하는 명소 중 하나입니다.,붉은색 현수교와 안개 풍경이 유명합니다.,샌프란시스코의 대표 다리입니다.,골든게이트 브리지는 미국 샌프란시스코에 있는 다리입니다. 붉은색 현수교와 안개 풍경이 유명합니다. 샌프란시스코의 대표 다리입니다.,텍스트초안
LAND-086,랜드마크,그랜드 캐니언,Grand Canyon,"그랜드 캐니언, grand canyon",easy,,,,,Grand Canyon 애리조나 미국,이곳은 미국 애리조나에 있는 랜드마크입니다.,유형으로 보면 협곡에 가깝습니다.,미국를 대표하는 명소 중 하나입니다.,거대한 붉은 협곡 지형이 유명합니다.,콜로라도강이 만든 미국의 대표 자연 명소입니다.,그랜드 캐니언는 미국 애리조나에 있는 협곡입니다. 거대한 붉은 협곡 지형이 유명합니다. 콜로라도강이 만든 미국의 대표 자연 명소입니다.,텍스트초안
LAND-087,랜드마크,요세미티 밸리,Yosemite Valley,"요세미티 밸리, yosemite valley",normal,,,,,Yosemite Valley 캘리포니아 미국,이곳은 미국 캘리포니아에 있는 랜드마크입니다.,유형으로 보면 자연 명소에 가깝습니다.,미국를 대표하는 명소 중 하나입니다.,화강암 절벽과 폭포가 유명합니다.,요세미티 국립공원의 대표 경관입니다.,요세미티 밸리는 미국 캘리포니아에 있는 자연 명소입니다. 화강암 절벽과 폭포가 유명합니다. 요세미티 국립공원의 대표 경관입니다.,텍스트초안
LAND-088,랜드마크,러시모어산,Mount Rushmore,"러시모어산, mount rushmore",normal,,,,,Mount Rushmore 사우스다코타 미국,이곳은 미국 사우스다코타에 있는 랜드마크입니다.,유형으로 보면 기념 조각에 가깝습니다.,미국를 대표하는 명소 중 하나입니다.,산에 새겨진 대통령 얼굴 조각이 유명합니다.,미국의 대표 기념 조각입니다.,러시모어산는 미국 사우스다코타에 있는 기념 조각입니다. 산에 새겨진 대통령 얼굴 조각이 유명합니다. 미국의 대표 기념 조각입니다.,텍스트초안
LAND-089,랜드마크,나이아가라 폭포,Niagara Falls,"나이아가라 폭포, niagara falls",easy,,,,,Niagara Falls 나이아가라 미국/캐나다,이곳은 미국/캐나다 나이아가라에 있는 랜드마크입니다.,유형으로 보면 폭포에 가깝습니다.,미국/캐나다를 대표하는 명소 중 하나입니다.,거대한 수량의 폭포가 국경에 있습니다.,북미의 대표 폭포 명소입니다.,나이아가라 폭포는 미국/캐나다 나이아가라에 있는 폭포입니다. 거대한 수량의 폭포가 국경에 있습니다. 북미의 대표 폭포 명소입니다.,텍스트초안
LAND-090,랜드마크,CN 타워,CN Tower,"CN 타워, cn tower",easy,,,,,CN Tower 토론토 캐나다,이곳은 캐나다 토론토에 있는 랜드마크입니다.,유형으로 보면 전망탑에 가깝습니다.,캐나다를 대표하는 명소 중 하나입니다.,토론토 스카이라인의 중심에 솟아 있습니다.,캐나다 토론토의 대표 랜드마크입니다.,CN 타워는 캐나다 토론토에 있는 전망탑입니다. 토론토 스카이라인의 중심에 솟아 있습니다. 캐나다 토론토의 대표 랜드마크입니다.,텍스트초안
LAND-091,랜드마크,밴프 국립공원,Banff National Park,"밴프, banff national park",easy,,,,,Banff National Park 앨버타 캐나다,이곳은 캐나다 앨버타에 있는 랜드마크입니다.,유형으로 보면 자연 명소에 가깝습니다.,캐나다를 대표하는 명소 중 하나입니다.,푸른 호수와 로키산맥 풍경이 유명합니다.,캐나다 로키의 대표 국립공원입니다.,밴프 국립공원는 캐나다 앨버타에 있는 자연 명소입니다. 푸른 호수와 로키산맥 풍경이 유명합니다. 캐나다 로키의 대표 국립공원입니다.,텍스트초안
LAND-092,랜드마크,페어몬트 르 샤토 프롱트낙,Chateau Frontenac,"샤토 프롱트낙, chateau frontenac",normal,,,,,Chateau Frontenac 퀘벡시티 캐나다,이곳은 캐나다 퀘벡시티에 있는 랜드마크입니다.,유형으로 보면 호텔/성곽 경관에 가깝습니다.,캐나다를 대표하는 명소 중 하나입니다.,성처럼 보이는 호텔이 구시가지 위에 있습니다.,퀘벡시티의 대표 랜드마크입니다.,페어몬트 르 샤토 프롱트낙는 캐나다 퀘벡시티에 있는 호텔/성곽 경관입니다. 성처럼 보이는 호텔이 구시가지 위에 있습니다. 퀘벡시티의 대표 랜드마크입니다.,텍스트초안
LAND-093,랜드마크,킬리만자로산,Mount Kilimanjaro,"킬리만자로, mount kilimanjaro",easy,,,,,Mount Kilimanjaro 탄자니아 탄자니아,이곳은 탄자니아에 있는 랜드마크입니다.,유형으로 보면 산에 가깝습니다.,탄자니아를 대표하는 명소 중 하나입니다.,아프리카에서 가장 높은 산으로 알려져 있습니다.,눈 덮인 정상과 초원 풍경이 대비됩니다.,킬리만자로산는 탄자니아에 있는 산입니다. 아프리카에서 가장 높은 산으로 알려져 있습니다. 눈 덮인 정상과 초원 풍경이 대비됩니다.,텍스트초안
LAND-094,랜드마크,빅토리아 폭포,Victoria Falls,"빅토리아 폭포, victoria falls",easy,,,,,Victoria Falls 잠베지강 잠비아/짐바브웨,이곳은 잠비아/짐바브웨 잠베지강에 있는 랜드마크입니다.,유형으로 보면 폭포에 가깝습니다.,잠비아/짐바브웨를 대표하는 명소 중 하나입니다.,거대한 물안개가 피어오르는 폭포입니다.,아프리카 남부의 대표 자연 명소입니다.,빅토리아 폭포는 잠비아/짐바브웨 잠베지강에 있는 폭포입니다. 거대한 물안개가 피어오르는 폭포입니다. 아프리카 남부의 대표 자연 명소입니다.,텍스트초안
LAND-095,랜드마크,테이블마운틴,Table Mountain,"테이블마운틴, table mountain",easy,,,,,Table Mountain 케이프타운 남아프리카공화국,이곳은 남아프리카공화국 케이프타운에 있는 랜드마크입니다.,유형으로 보면 산에 가깝습니다.,남아프리카공화국를 대표하는 명소 중 하나입니다.,정상이 평평한 산 모양이 특징입니다.,케이프타운을 상징하는 산입니다.,테이블마운틴는 남아프리카공화국 케이프타운에 있는 산입니다. 정상이 평평한 산 모양이 특징입니다. 케이프타운을 상징하는 산입니다.,텍스트초안
LAND-096,랜드마크,로벤섬,Robben Island,"로벤섬, robben island",normal,,,,,Robben Island 케이프타운 인근 남아프리카공화국,이곳은 남아프리카공화국 케이프타운 인근에 있는 랜드마크입니다.,유형으로 보면 역사 유적에 가깝습니다.,남아프리카공화국를 대표하는 명소 중 하나입니다.,감옥섬으로 알려진 역사적 장소입니다.,넬슨 만델라와 관련 깊은 장소입니다.,로벤섬는 남아프리카공화국 케이프타운 인근에 있는 역사 유적입니다. 감옥섬으로 알려진 역사적 장소입니다. 넬슨 만델라와 관련 깊은 장소입니다.,텍스트초안
LAND-097,랜드마크,사하라 사막,Sahara Desert,"사하라 사막, sahara desert",easy,,,,,Sahara Desert 북아프리카 북아프리카,이곳은 북아프리카에 있는 랜드마크입니다.,유형으로 보면 사막에 가깝습니다.,북아프리카를 대표하는 명소 중 하나입니다.,끝없이 펼쳐진 모래 언덕 풍경이 유명합니다.,세계 최대급의 뜨거운 사막으로 알려져 있습니다.,사하라 사막는 북아프리카에 있는 사막입니다. 끝없이 펼쳐진 모래 언덕 풍경이 유명합니다. 세계 최대급의 뜨거운 사막으로 알려져 있습니다.,텍스트초안
LAND-098,랜드마크,카르나크 신전,Karnak Temple,"카르나크 신전, karnak temple",normal,,,,,Karnak Temple 룩소르 이집트,이곳은 이집트 룩소르에 있는 랜드마크입니다.,유형으로 보면 고대 신전에 가깝습니다.,이집트를 대표하는 명소 중 하나입니다.,거대한 기둥 숲이 유명합니다.,이집트 룩소르의 대표 고대 신전입니다.,카르나크 신전는 이집트 룩소르에 있는 고대 신전입니다. 거대한 기둥 숲이 유명합니다. 이집트 룩소르의 대표 고대 신전입니다.,텍스트초안
LAND-099,랜드마크,아부심벨 신전,Abu Simbel Temples,"아부심벨, abu simbel",normal,,,,,Abu Simbel Temples 아부심벨 이집트,이곳은 이집트 아부심벨에 있는 랜드마크입니다.,유형으로 보면 고대 신전에 가깝습니다.,이집트를 대표하는 명소 중 하나입니다.,거대한 파라오 석상이 입구에 있습니다.,람세스 2세와 관련된 이집트 신전입니다.,아부심벨 신전는 이집트 아부심벨에 있는 고대 신전입니다. 거대한 파라오 석상이 입구에 있습니다. 람세스 2세와 관련된 이집트 신전입니다.,텍스트초안
LAND-100,랜드마크,하산 2세 모스크,Hassan II Mosque,"하산 2세 모스크, hassan ii mosque",normal,,,,,Hassan II Mosque 카사블랑카 모로코,이곳은 모로코 카사블랑카에 있는 랜드마크입니다.,유형으로 보면 모스크에 가깝습니다.,모로코를 대표하는 명소 중 하나입니다.,대서양 바로 옆에 서 있는 거대한 모스크입니다.,카사블랑카의 대표 랜드마크입니다.,하산 2세 모스크는 모로코 카사블랑카에 있는 모스크입니다. 대서양 바로 옆에 서 있는 거대한 모스크입니다. 카사블랑카의 대표 랜드마크입니다.,텍스트초안
