question,choice1,choice2,choice3,choice4,answer,category,difficulty
"세계에서 가장 긴 강은?","아마존강","나일강","양쯔강","미시시피강",2,"지리",2
"금속 중 상온에서 액체 상태인 것은?","수은","철","납","알루미늄",1,"과학",2
"임진왜란이 일어난 해는?","1636년","1610년","1550년","1592년",4,"역사",2
"'죄와 벌'을 쓴 러시아 작가는?","톨스토이","고골","체호프","도스토옙스키",4,"문학",2
"피타고라스의 정리는 어떤 삼각형에서 성립하는가?","둔각삼각형","정삼각형","직각삼각형","모든 삼각형",3,"수학",2
"무지개는 몇 가지 색으로 이루어져 있는가?","5가지","7가지","8가지","6가지",2,"상식",1
"'모나리자'를 그린 화가는?","미켈란젤로","라파엘로","레오나르도 다빈치","고흐",3,"예술",1
"축구 경기에서 한 팀의 선수는 몇 명인가?","11명","10명","12명","9명",1,"스포츠",1
"세계에서 가장 높은 산은?","K2","몽블랑","킬리만자로","에베레스트",4,"지리",1
"소금의 화학식은?","NaCl","H2O","CO2","KCl",1,"과학",1
"세종대왕이 훈민정음을 반포한 세기는?","14세기","15세기","16세기","17세기",2,"역사",2
"'어린 왕자'의 작가는?","위고","카뮈","사르트르","생텍쥐페리",4,"문학",2
"정삼각형의 한 내각의 크기는?","45도","90도","120도","60도",4,"수학",1
"우리나라 국경일 중 3·1운동을 기념하는 날은?","제헌절","광복절","개천절","삼일절",4,"상식",1
"베토벤은 어느 나라 작곡가인가?","오스트리아","독일","이탈리아","프랑스",2,"예술",2
"야구에서 한 이닝의 아웃 카운트는 몇 개인가?","3개","2개","4개","5개",1,"스포츠",1
"오대양 중 가장 넓은 바다는?","대서양","북극해","인도양","태평양",4,"지리",2
"식물이 광합성을 하는 데 필요한 기체는?","산소","질소","이산화탄소","수소",3,"과학",1
"광복절은 몇 월 며칠인가?","3월 1일","6월 25일","10월 9일","8월 15일",4,"역사",1
"'토지'를 쓴 한국 소설가는?","이문열","황순원","박경리","김유정",3,"문학",2
"12 × 12는 얼마인가?","124","168","148","144",4,"수학",1
"신호등에서 멈춤을 뜻하는 색은?","빨강","노랑","초록","파랑",1,"상식",1
"'해바라기'를 그린 화가는?","고흐","피카소","모네","마네",1,"예술",2
"농구 한 팀의 코트 위 선수는 몇 명인가?","4명","7명","6명","5명",4,"스포츠",1
"이탈리아의 수도는?","밀라노","로마","베네치아","나폴리",2,"지리",1
"인체에서 산소를 운반하는 세포는?","백혈구","적혈구","혈소판","림프구",2,"과학",2
"조선의 제4대 왕은 누구인가?","태조","태종","세종","성종",3,"역사",2
"'로미오와 줄리엣'의 작가는?","괴테","셰익스피어","단테","밀턴",2,"문학",1
"원주율(파이)의 근삿값으로 가장 알맞은 것은?","1.62","2.71","1.41","3.14",4,"수학",1
"교통 신호에서 보행자가 건너도 좋다는 신호의 색은?","파랑","빨강","노랑","초록",4,"상식",1
"오케스트라를 지휘하는 사람을 무엇이라 하는가?","지휘자","작곡가","연주자","성악가",1,"예술",1
"마라톤 정식 거리는 약 몇 km인가?","21km","42km","32km","52km",2,"스포츠",2
"세계에서 가장 작은 대륙은?","유럽","아프리카","남극","오세아니아",4,"지리",2
"소리의 속도가 가장 빠른 매질은?","철","물","공기","진공",1,"과학",3
"3·1 운동이 일어난 해는?","1919년","1950년","1945년","1910년",1,"역사",2
"'노인과 바다'를 쓴 미국 작가는?","피츠제럴드","헤밍웨이","스타인벡","포크너",2,"문학",2
"7의 배수가 아닌 것은?","30","21","14","28",1,"수학",2
"우리나라 국화는 무엇인가?","장미","벚꽃","무궁화","진달래",3,"상식",1
"'천지창조'가 그려진 성당은?","시스티나 성당","성 베드로 대성당","노트르담","쾰른 대성당",1,"예술",3
"테니스에서 0점을 뜻하는 용어는?","러브","듀스","에이스","폴트",1,"스포츠",2
"미국의 수도는?","뉴욕","워싱턴 D.C.","로스앤젤레스","시카고",2,"지리",1
"물이 끓는 온도는 섭씨 몇 도인가? (1기압)","50도","100도","120도","90도",2,"과학",1
"고구려를 건국한 인물은?","주몽","온조","박혁거세","김수로",1,"역사",2
"'변신'을 쓴 작가는?","헤세","니체","카프카","릴케",3,"문학",3
"원의 둘레를 구할 때 쓰는 기호는?","알파","파이","베타","시그마",2,"수학",1
"김치의 주재료는 무엇인가?","오이","무","배추","콩",3,"상식",1
"발레 '백조의 호수'를 작곡한 사람은?","바흐","모차르트","차이콥스키","쇼팽",3,"예술",3
"올림픽 오륜기의 고리는 몇 개인가?","4개","5개","6개","7개",2,"스포츠",1
"일본의 수도는?","오사카","교토","나고야","도쿄",4,"지리",1
"DNA의 이중나선 구조를 밝힌 과학자는?","다윈","멘델","파스퇴르","왓슨과 크릭",4,"과학",3
"고려를 건국한 인물은?","견훤","왕건","궁예","이성계",2,"역사",2
"'데미안'을 쓴 작가는?","괴테","토마스 만","헤르만 헤세","카프카",3,"문학",2
"15의 약수가 아닌 것은?","1","3","5","6",4,"수학",2
"태극기의 가운데 문양을 무엇이라 하는가?","사괘","건곤","음양","태극",4,"상식",2
"피아노는 어떤 악기 분류에 속하는가?","현악기","관악기","타건악기","금관악기",3,"예술",2
"수영에서 자유형은 주로 어떤 영법을 사용하는가?","크롤","배영","평영","접영",1,"스포츠",2
"아프리카 대륙에서 가장 큰 나라는?","이집트","알제리","수단","리비아",2,"지리",3
"인체의 뼈는 성인 기준 약 몇 개인가?","106개","306개","206개","406개",3,"과학",2
"병자호란은 어느 나라의 침입인가?","일본","청나라","명나라","몽골",2,"역사",3
"'파우스트'를 쓴 독일 작가는?","실러","괴테","하이네","브레히트",2,"문학",3
"소수(prime)의 정의로 옳은 것은?","2로 나뉘는 수","약수가 3개인 수","짝수인 수","1과 자기 자신만 약수로 갖는 1보다 큰 수",4,"수학",2
"우리나라 최초의 한글 소설은?","춘향전","심청전","홍길동전","구운몽",3,"상식",2
"'절규'를 그린 노르웨이 화가는?","클림트","마티스","달리","뭉크",4,"예술",3
"골프에서 기준 타수를 뜻하는 용어는?","버디","보기","파","이글",3,"스포츠",2
"러시아의 수도는?","상트페테르부르크","민스크","키예프","모스크바",4,"지리",1
"지구에서 가장 가까운 항성은?","태양","시리우스","북극성","프록시마 센타우리",1,"과학",2
"신라의 삼국통일을 이룬 왕은?","문무왕","법흥왕","진흥왕","무열왕",1,"역사",3
"'동물농장'을 쓴 작가는?","조지 오웰","올더스 헉슬리","H.G. 웰스","J.D. 샐린저",1,"문학",2
"짝수가 아닌 것은?","2","4","7","8",3,"수학",1
"소방차의 색깔은 주로 무엇인가?","노랑","파랑","빨강","초록",3,"상식",1
"'최후의 만찬'을 그린 화가는?","라파엘로","다빈치","미켈란젤로","보티첼리",2,"예술",2
"배드민턴에서 사용하는 공을 무엇이라 하는가?","서브","셔틀콕","네트","라켓",2,"스포츠",1
"세계에서 인구가 가장 많은 나라 중 하나로, 만리장성이 있는 나라는?","인도","러시아","일본","중국",4,"지리",1
"혈액형 중 모든 혈액형에게 줄 수 있는 것은?","O형","B형","AB형","A형",1,"과학",2
"대한민국 정부가 수립된 해는?","1945년","1953년","1950년","1948년",4,"역사",2
"'위대한 개츠비'를 쓴 작가는?","피츠제럴드","헤밍웨이","포크너","스타인벡",1,"문학",2
"정사각형의 넓이를 구하는 방법은?","한 변 × 한 변","한 변 × 4","한 변 × 2","한 변 + 한 변",1,"수학",1
"응급 전화번호로 소방·구급에 해당하는 것은?","112","119","114","120",2,"상식",1
"'게르니카'를 그린 화가는?","미로","피카소","달리","고야",2,"예술",3
"탁구에서 한 세트는 보통 몇 점을 먼저 얻으면 이기는가?","7점","15점","11점","21점",3,"스포츠",2
"세계에서 가장 긴 산맥은?","히말라야","알프스","로키","안데스",4,"지리",3
"번개가 친 후 천둥소리가 늦게 들리는 이유는?","빛보다 소리가 느려서","소리보다 빛이 느려서","거리가 멀어서만","바람 때문에",1,"과학",2
"조선시대 신분제에서 가장 높은 계층은?","중인","양반","상민","천민",2,"역사",1
"'서유기'에 등장하는 원숭이 캐릭터는?","손오공","사오정","저팔계","삼장법사",1,"문학",2
"1000에서 250을 빼면?","650","700","800","750",4,"수학",1
"한국의 대표 명절로 음력 1월 1일은?","설날","추석","단오","한식",1,"상식",1
"악기 중 건반이 없는 것은?","하프시코드","오르간","피아노","바이올린",4,"예술",2
"권투 경기에서 한 라운드는 보통 몇 분인가?","3분","2분","4분","5분",1,"스포츠",2
"프랑스의 수도는?","파리","리옹","마르세유","니스",1,"지리",1
"광합성이 일어나는 식물 세포의 기관은?","리보솜","미토콘드리아","엽록체","핵",3,"과학",2
"세계 2차 대전이 끝난 해는?","1939년","1943년","1945년","1950년",3,"역사",1
"'주홍글씨'를 쓴 미국 작가는?","멜빌","포","호손","트웨인",3,"문학",3
"소수(prime number)가 아닌 것은?","2","3","4","5",3,"수학",2
"우리나라에서 가장 큰 섬은?","제주도","강화도","울릉도","거제도",1,"상식",1
"'봄'을 포함한 사계 협주곡을 작곡한 사람은?","헨델","바흐","비발디","텔레만",3,"예술",3
"양궁에서 과녁의 정중앙을 맞히면 몇 점인가?","12점","9점","8점","10점",4,"스포츠",2
"세계에서 가장 깊은 바다 지점이 있는 해구는?","일본 해구","자바 해구","마리아나 해구","페루 해구",3,"지리",3
"인간의 정상 체온은 약 섭씨 몇 도인가?","36.5도","39도","34도","41도",1,"과학",1
"이순신 장군이 활약한 전쟁은?","임진왜란","병자호란","정묘호란","귀주대첩",1,"역사",1
"한강이 흐르는 대한민국의 도시는?","서울","부산","광주","대전",1,"지리",1
"세계에서 가장 넓은 나라는?","중국","미국","러시아","캐나다",3,"지리",2
"공기 중에 가장 많이 포함된 기체는?","산소","수소","이산화탄소","질소",4,"과학",2
"프랑스 혁명이 시작된 해는?","1776년","1804년","1815년","1789년",4,"역사",2
"'앵무새 죽이기'를 쓴 작가는?","하퍼 리","마크 트웨인","존 스타인벡","윌리엄 포크너",1,"문학",3
"이등변삼각형에서 크기가 같은 각은 몇 개인가?","0개","1개","3개","2개",4,"수학",1
"우리나라의 정식 국가 명칭은?","조선","대한민국","고려","한국공화국",2,"상식",1
"'별이 빛나는 밤'을 그린 화가는?","모네","고흐","세잔","르누아르",2,"예술",2
"축구에서 골키퍼를 제외하고 손을 쓸 수 없는 것이 원칙인가?","심판 판단","예","경우에 따라","아니오",2,"스포츠",1
"독일의 수도는?","뮌헨","베를린","프랑크푸르트","함부르크",2,"지리",1
"얼음이 물로 변하는 현상을 무엇이라 하는가?","증발","응결","융해","승화",3,"과학",2
"세계 1차 대전이 시작된 해는?","1905년","1918년","1914년","1939년",3,"역사",2
"'분노의 포도'를 쓴 작가는?","헤밍웨이","드라이저","피츠제럴드","스타인벡",4,"문학",3
"두 수의 최대공약수가 1일 때 두 수의 관계를 무엇이라 하는가?","약수","배수","서로소","제곱수",3,"수학",3
"태권도는 어느 나라에서 유래한 무술인가?","한국","중국","일본","태국",1,"상식",1
"'생각하는 사람' 조각상을 만든 예술가는?","로댕","미켈란젤로","도나텔로","베르니니",1,"예술",1
"피겨스케이팅에서 회전 점프의 대표적 기술이 아닌 것은?","스매시","루프","악셀","살코",1,"스포츠",3
"스페인의 수도는?","바르셀로나","발렌시아","마드리드","세비야",3,"지리",1
"소리를 들을 수 있는 인체 기관은?","눈","혀","귀","코",3,"과학",1
"우리나라 최초의 국가로 알려진 나라는?","고조선","신라","백제","고구려",1,"역사",2
"'젊은 베르테르의 슬픔'을 쓴 작가는?","실러","괴테","하이네","릴케",2,"문학",1
"직각의 크기는 몇 도인가?","45도","90도","60도","180도",2,"수학",1
"한국의 전통 의상을 무엇이라 하는가?","아오자이","한복","치파오","기모노",2,"상식",1
"오페라 '피가로의 결혼'을 작곡한 사람은?","로시니","베르디","모차르트","푸치니",3,"예술",3
"배구에서 한 팀의 코트 위 선수는 몇 명인가?","5명","8명","7명","6명",4,"스포츠",2
"세계에서 가장 큰 섬은?","마다가스카르","그린란드","보르네오","뉴기니",2,"지리",3
"철이 녹스는 현상은 어떤 반응인가?","산화","연소","중화","환원",1,"과학",2
"미국 독립선언이 발표된 해는?","1770년","1789년","1783년","1776년",4,"역사",2
"'폭풍의 언덕'을 쓴 작가는?","제인 오스틴","에밀리 브론테","샬럿 브론테","조지 엘리엇",2,"문학",3
"짝수와 홀수를 더하면 결과는 항상?","짝수","0","홀수","알 수 없음",3,"수학",2
"세계에서 가장 인구가 적은 대륙은?","오세아니아","남극","유럽","남아메리카",2,"상식",2
"발레에서 발끝으로 서는 동작을 무엇이라 하는가?","포인트","플리에","아라베스크","점프",1,"예술",2
"수영 영법 중 물속에서 얼굴을 위로 향하는 것은?","자유형","평영","접영","배영",4,"스포츠",2
"영국의 수도는?","맨체스터","런던","버밍엄","리버풀",2,"지리",1
"인체에서 혈액을 온몸으로 보내는 기관은?","심장","간","폐","신장",1,"과학",1
"발해를 건국한 인물은?","대조영","김유신","을지문덕","연개소문",1,"역사",3
"'노트르담의 꼽추'를 쓴 프랑스 작가는?","빅토르 위고","발자크","플로베르","스탕달",1,"문학",2
"5! (5팩토리얼)의 값은?","20","240","60","120",4,"수학",2
"세계에서 가장 긴 만리장성이 있는 나라는?","몽골","중국","인도","러시아",2,"상식",1
"'다비드' 조각상을 만든 예술가는?","로댕","미켈란젤로","도나텔로","베르니니",2,"예술",3
"육상에서 가장 짧은 단거리 종목은?","200m","100m","400m","800m",2,"스포츠",1
"캐나다의 수도는?","토론토","몬트리올","밴쿠버","오타와",4,"지리",2
"낮과 밤이 생기는 이유는?","지구의 공전","지구의 자전","달의 공전","태양의 자전",2,"과학",2
"세계 최초의 금속활자로 인쇄된 책 '직지'는 어느 나라 것인가?","중국","일본","한국","독일",3,"역사",1
"'이방인'을 쓴 프랑스 작가는?","사르트르","알베르 카뮈","프루스트","말로",2,"문학",1
"원의 넓이를 구하는 공식에서 반지름은 몇 번 곱하는가?","1번","4번","3번","2번(제곱)",4,"수학",2
"신용카드가 발명되기 전 물물교환에서 쓰인 매개는?","금","조개","화폐","이 모두 해당",4,"상식",2
"'키스'를 그린 오스트리아 화가는?","코코슈카","클림트","실레","마카르트",2,"예술",3
"골프에서 한 코스는 보통 몇 홀로 구성되는가?","9홀","18홀","12홀","24홀",2,"스포츠",1
"오스트레일리아의 수도는?","시드니","멜버른","브리즈번","캔버라",4,"지리",3
"인체에서 음식을 소화하는 주요 기관은?","심장","폐","신장","위",4,"과학",1
"백제의 마지막 왕은?","근초고왕","무왕","성왕","의자왕",4,"역사",3
"'싯다르타'를 쓴 작가는?","괴테","토마스 만","헤르만 헤세","카프카",3,"문학",1
"정수 중 0보다 작은 수를 무엇이라 하는가?","음수","양수","자연수","분수",1,"수학",1
"태극기에 그려진 사괘의 개수는?","8개","2개","6개","4개",4,"상식",2
"악기 '첼로'는 어떤 악기군에 속하는가?","관악기","건반악기","타악기","현악기",4,"예술",2
"복싱에서 상대를 쓰러뜨려 이기는 것을 무엇이라 하는가?","잽","파울","KO","클린치",3,"스포츠",1
"브라질의 수도는?","브라질리아","상파울루","리우데자네이루","살바도르",1,"지리",2
"인간의 유전 정보를 담고 있는 물질은?","단백질","DNA","지방","탄수화물",2,"과학",2
"조선왕조실록은 어느 나라의 기록물인가?","중국","일본","한국","베트남",3,"역사",1
"'허클베리 핀의 모험'을 쓴 작가는?","마크 트웨인","잭 런던","오 헨리","호손",1,"문학",2
"정육면체의 면은 몇 개인가?","4개","6개","8개","12개",2,"수학",1
"우리나라의 국보 1호는 무엇인가?","불국사","숭례문","경복궁","석굴암",2,"상식",2
"'아비뇽의 여인들'을 그린 화가는?","브라크","마티스","피카소","달리",3,"예술",1
"체조에서 남자 종목이 아닌 것은?","안마","링","마루","평균대",4,"스포츠",3
"인도의 수도는?","뉴델리","뭄바이","콜카타","방갈로르",1,"지리",2
"소리의 높낮이를 결정하는 것은?","음속","진폭","진동수","파장의 색",3,"과학",2
"고려청자로 유명한 우리나라의 도자기 색은?","백색","비색(청록색)","흑색","적색",2,"역사",2
"'파리대왕'을 쓴 작가는?","윌리엄 골딩","조지 오웰","J.G. 발라드","올더스 헉슬리",1,"문학",3
"삼각형의 넓이 공식은 밑변 × 높이 ÷ 몇인가?","4","2","3","1",2,"수학",1
"세계에서 가장 넓은 사막인 사하라 사막이 있는 대륙은?","아프리카","유럽","남아메리카","아시아",1,"상식",1
"인상주의 화가로 '수련' 연작을 남긴 사람은?","시슬레","마네","드가","모네",4,"예술",3
"핸드볼에서 한 팀의 코트 위 선수는 몇 명인가?","5명","8명","6명","7명",4,"스포츠",2
"이집트의 수도는?","룩소르","카이로","기자","알렉산드리아",2,"지리",2
"인체에서 노폐물을 걸러 소변을 만드는 기관은?","간","신장","폐","위",2,"과학",2
"세종대왕이 만든 과학 기구로 시간을 재는 물시계는?","자격루","측우기","해시계","혼천의",1,"역사",3
"'1984'를 쓴 작가는?","올더스 헉슬리","레이 브래드버리","조지 오웰","아이작 아시모프",3,"문학",2
"1000000은 10의 몇 제곱인가?","6","5","4","7",1,"수학",2
"우리나라 애국가의 후렴에 나오는 산은?","한라산","백두산","금강산","무궁화 삼천리",4,"상식",2
"'만종'을 그린 프랑스 화가는?","밀레","쿠르베","코로","도미에",1,"예술",3
"컬링에서 사용하는 둥근 돌을 무엇이라 하는가?","디스크","퍽","셔틀","스톤",4,"스포츠",2
"터키의 최대 도시로, 두 대륙에 걸친 도시는?","부르사","이스탄불","이즈미르","앙카라",2,"지리",2
"물질의 세 가지 상태가 아닌 것은?","전기","액체","고체","기체",1,"과학",1
"한국전쟁이 발발한 해는?","1950년","1948년","1953년","1945년",1,"역사",1
"'죽은 시인의 사회'의 배경이 된 문학 사조와 관련 없는 시인은?","휘트먼","뉴턴","셰익스피어","소로",2,"문학",3
"평행사변형에서 마주 보는 변의 관계는?","길이가 다르다","수직이다","교차한다","길이가 같다",4,"수학",2
"우리나라에서 가장 높은 산은?","태백산","설악산","지리산","한라산",4,"상식",1
"'절규'와 함께 표현주의를 대표하는 색채의 화가 마티스는 어느 나라 사람인가?","독일","네덜란드","스페인","프랑스",4,"예술",3
"유도에서 상대를 메쳐 완전히 성공하면 얻는 점수 판정은?","한판","절반","반칙","유효",1,"스포츠",2
"그리스의 수도는?","테살로니키","스파르타","아테네","코린토스",3,"지리",2
"빛이 프리즘을 통과하면 나타나는 현상은?","분산","반사","흡수","소멸",1,"과학",2
"고구려의 전성기를 이끈 왕으로 광개토대왕의 아들은?","고국천왕","소수림왕","장수왕","동천왕",3,"역사",1
"'셜록 홈즈' 시리즈를 쓴 작가는?","G.K. 체스터턴","애거사 크리스티","에드거 앨런 포","코난 도일",4,"문학",2
"홀수 3개를 더하면 결과는?","0","항상 짝수","항상 홀수","알 수 없음",3,"수학",2
"신호등의 세 가지 색이 아닌 것은?","빨강","파랑","노랑","초록",2,"상식",1
"음악에서 빠르기를 나타내는 이탈리아어 '아다지오'의 뜻은?","빠르게","보통으로","느리게","점점 세게",3,"예술",3
"마라톤의 유래가 된 전투가 벌어진 나라는?","그리스","이집트","터키","이탈리아",1,"스포츠",3
"태국의 수도는?","파타야","방콕","푸껫","치앙마이",2,"지리",2
"지진의 규모를 나타내는 척도는?","섭씨","리히터","데시벨","칼로리",2,"과학",2
"임진왜란 때 거북선을 이끈 장군은?","권율","김시민","이순신","곽재우",3,"역사",1
"페루의 고대 잉카 유적지로 유명한 곳은?","마추픽추","앙코르와트","타지마할","피라미드",1,"지리",1
"세계에서 가장 높은 폭포는?","나이아가라 폭포","빅토리아 폭포","이과수 폭포","앙헬 폭포",4,"지리",1
"소리가 전달되지 않는 환경은?","진공","물속","공기 중","철판",1,"과학",1
"조선을 침략한 병자호란은 어느 왕 때 일어났는가?","선조","효종","광해군","인조",4,"역사",3
"'적과 흑'을 쓴 프랑스 작가는?","스탕달","발자크","졸라","플로베르",1,"문학",3
"삼각형의 세 변의 길이가 각각 다른 삼각형을 무엇이라 하는가?","직각삼각형","정삼각형","이등변삼각형","부등변삼각형",4,"수학",2
"한국의 전통 발효 음식으로 콩으로 만든 것은?","김치","식초","젓갈","된장",4,"상식",1
"'해돋이 인상'으로 인상주의라는 이름의 유래가 된 화가는?","드가","마네","모네","피사로",3,"예술",3
"농구에서 3점 슛 라인 밖에서 넣으면 몇 점인가?","1점","3점","2점","4점",2,"스포츠",1
"두 대륙에 걸쳐 있는 나라는?","프랑스","브라질","러시아","인도",3,"지리",2
"인체에서 뇌가 위치한 부위는?","가슴","복부","다리","머리",4,"과학",1
"고려 시대 몽골의 침입에 맞서 강화도로 천도한 무신 정권의 인물은?","김부식","묘청","최우","서희",3,"역사",3
"'백년의 고독'을 쓴 작가는?","마르케스","보르헤스","네루다","코르타사르",1,"문학",1
"삼각형에서 가장 긴 변의 맞은편에 있는 각은?","알 수 없다","가장 작다","항상 직각","가장 크다",4,"수학",2
"우리나라 최초의 여왕은?","진덕여왕","진성여왕","정희왕후","선덕여왕",4,"상식",2
"교향곡 '운명'을 작곡한 사람은?","베토벤","모차르트","브람스","슈베르트",1,"예술",2
"올림픽에서 개최되지 않는 계절은?","봄","여름","여름과 겨울","겨울",1,"스포츠",1
"북유럽에 속하지 않는 나라는?","노르웨이","스웨덴","스페인","핀란드",3,"지리",2
"식물의 뿌리가 흡수하는 주요 물질은?","이산화탄소","산소","단백질","물과 무기양분",4,"과학",2
"세계 최초의 목판 인쇄물 '무구정광대다라니경'이 발견된 곳은?","해인사","불국사 석가탑","경복궁","석굴암",2,"역사",3
"'오만과 편견'을 쓴 작가는?","조지 엘리엇","제인 오스틴","에밀리 브론테","버지니아 울프",2,"문학",2
"정오각형의 내각의 합은 몇 도인가?","360도","720도","540도","900도",3,"수학",3
"우리나라에서 가장 긴 강은?","한강","낙동강","금강","섬진강",2,"상식",2
"'해방된 프로메테우스'와 관련된 예술 분야는?","조각","건축","시(詩)","음악",3,"예술",1
"태권도에서 검은 띠는 무엇을 상징하는가?","유단자","중급","초보","심판",1,"스포츠",1
"세계에서 가장 큰 호수는?","카스피해","슈피리어호","빅토리아호","바이칼호",1,"지리",3
"인체의 체온을 유지하는 데 관여하는 기관은?","손톱","뼈","피부","치아",3,"과학",2
"조선의 마지막 왕(황제)은?","순종","고종","철종","헌종",1,"역사",2
"'파브르 곤충기'를 쓴 사람은?","파브르","다윈","린네","멘델",1,"문학",2
"분수 2분의 1을 소수로 나타내면?","0.5","0.2","0.25","0.1",1,"수학",1
"우리나라의 3대 명절이 아닌 것은?","추석","크리스마스","단오","설날",2,"상식",1
"'봄의 제전'을 작곡한 작곡가는?","프로코피예프","드뷔시","라벨","스트라빈스키",4,"예술",1
"테니스 4대 메이저 대회에 속하지 않는 것은?","챔피언스리그","US 오픈","프랑스 오픈","윔블던",1,"스포츠",2
"세계에서 가장 작은 나라는?","모나코","바티칸","산마리노","리히텐슈타인",2,"지리",1
"물이 얼면 부피는 어떻게 되는가?","줄어든다","늘어난다","사라진다","변화 없다",2,"과학",2
"임진왜란 당시 조선을 도운 나라는?","청나라","명나라","몽골","러시아",2,"역사",2
"'변신 이야기'를 쓴 고대 로마 시인은?","호메로스","오비디우스","베르길리우스","호라티우스",2,"문학",1
"직사각형의 둘레를 구하려면 무엇을 더해야 하는가?","넓이","네 변의 길이","두 대각선","한 변",2,"수학",1
"태극기를 만든 인물로 알려진 사람은?","박영효","김옥균","서재필","유길준",1,"상식",3
"'천개의 고원'과 관련 없는 예술 형식은?","요리","회화","음악","조각",1,"예술",1
"수영에서 가장 빠른 영법으로 알려진 것은?","접영","배영","자유형","평영",3,"스포츠",2
"아시아에서 가장 큰 나라는?","인도","카자흐스탄","러시아","중국",3,"지리",1
"소금물에서 물을 증발시키면 남는 것은?","소금","공기","물","아무것도 없음",1,"과학",1
"세종대왕 때 만들어진 강수량 측정 기구는?","해시계","자격루","측우기","혼천의",3,"역사",2
"'제인 에어'를 쓴 작가는?","에밀리 브론테","샬럿 브론테","제인 오스틴","조지 엘리엇",2,"문학",3
"100의 제곱근은?","10","5","20","50",1,"수학",1
"우리나라 최초의 근대식 병원은?","세브란스","제중원","광혜원","대한의원",3,"상식",3
"'백조의 호수'는 어떤 예술 장르인가?","오페라","연극","발레","뮤지컬",3,"예술",2
"골프에서 한 번에 홀인하는 것을 무엇이라 하는가?","버디","이글","알바트로스","홀인원",4,"스포츠",2
"세계에서 가장 큰 반도는?","발칸 반도","이베리아 반도","한반도","아라비아 반도",4,"지리",2
"인체에서 소리를 뇌로 전달하는 신경은?","후신경","시신경","미각신경","청신경",4,"과학",1
"조선의 실학자로 '목민심서'를 쓴 사람은?","박지원","유형원","이익","정약용",4,"역사",3
"'파리의 노트르담'과 함께 빅토르 위고가 쓴 대표작은?","레 미제라블","보바리 부인","고리오 영감","적과 흑",1,"문학",2
"각뿔에서 밑면이 삼각형이면 무슨 각뿔인가?","오각뿔","사각뿔","삼각뿔","원뿔",3,"수학",1
"우리나라의 화폐에 그려진 인물이 아닌 사람은?","김구","이순신","이이","세종대왕",1,"상식",2
"현악 4중주에서 사용되지 않는 악기는?","비올라","바이올린","첼로","플루트",4,"예술",1
"축구 월드컵은 몇 년마다 열리는가?","4년","3년","6년","2년",1,"스포츠",1
"세계 지도에서 가장 큰 대양에 접하지 않는 나라는?","일본","칠레","스위스","호주",3,"지리",2
"빛이 없어도 자라는 곰팡이의 영양 섭취 방식은?","광합성","기생/부생","화학합성","증산작용",2,"과학",2
"신라의 화랑도와 관련된 계율 '세속오계'를 만든 승려는?","원광","자장","원효","의상",1,"역사",3
"'죄와 벌'과 같은 작가가 쓴 또 다른 작품은?","외투","안나 카레니나","전쟁과 평화","카라마조프가의 형제들",4,"문학",2
"평행한 두 직선이 한 직선과 만날 때 같은 위치에 생기는 각은?","동위각","맞꼭지각","보각","여각",1,"수학",3
"우리나라 국기의 이름은?","성조기","일장기","태극기","오성홍기",3,"상식",1
"'전람회의 그림'을 작곡한 러시아 작곡가는?","보로딘","무소륵스키","라흐마니노프","차이콥스키",2,"예술",3
"펜싱에서 사용하는 무기가 아닌 것은?","플뢰레","에페","라켓","사브르",3,"스포츠",3
"세계에서 가장 남쪽에 있는 대륙은?","아프리카","남극","남아메리카","오세아니아",2,"지리",1
"인체에서 뼈와 뼈가 만나는 부위를 무엇이라 하는가?","인대","연골","관절","근육",3,"과학",1
"고려의 수도였던 곳은?","평양","경주","개경(개성)","한양",3,"역사",2
"'수레바퀴 아래서'를 쓴 작가는?","헤르만 헤세","토마스 만","괴테","실러",1,"문학",2
"한 점에서 그은 두 반직선이 이루는 도형을 무엇이라 하는가?","면","선분","원","각",4,"수학",1
"우리나라에서 가장 오래된 목조 건축물이 있는 사찰은?","부석사","해인사","불국사","통도사",1,"상식",2
"'라 트라비아타'를 작곡한 사람은?","도니체티","푸치니","로시니","베르디",4,"예술",3
"야구에서 투수가 던진 공을 타자가 못 치고 지나가면?","스트라이크","볼","파울","홈런",1,"스포츠",1
"유럽과 아시아의 경계가 되는 산맥은?","우랄산맥","카프카스","피레네","알프스",1,"지리",1
"소화 과정에서 위에서 분비되는 강한 산성 물질은?","담즙","인슐린","침","위산",4,"과학",1
"조선시대 과거 시험에서 가장 높은 등급인 문과의 최종 시험은?","향시","초시","회시","전시",4,"역사",1
"'무기여 잘 있거라'를 쓴 작가는?","포크너","레마르크","스타인벡","헤밍웨이",4,"문학",3
"정사각형의 대각선은 몇 개인가?","2개","1개","3개","4개",1,"수학",1
"우리나라에서 가장 큰 규모의 궁궐은?","창덕궁","창경궁","경복궁","덕수궁",3,"상식",2
"'봄' '여름' '가을' '겨울'로 구성된 협주곡 '사계'의 형식은?","협주곡","교향곡","소나타","오페라",1,"예술",2
"레슬링에서 상대의 두 어깨를 바닥에 붙여 이기는 것은?","폴","테크니컬","포인트","패시브",1,"스포츠",3
"세계에서 가장 긴 산맥 안데스가 있는 대륙은?","아프리카","남아메리카","북아메리카","아시아",2,"지리",2
"인체에서 가장 단단한 조직은?","치아의 에나멜","손톱","뼈","연골",1,"과학",3
"세종대왕이 재위했던 조선의 몇 대 왕인가?","3대","5대","4대","6대",3,"역사",2
"'톰 소여의 모험'을 쓴 작가는?","루이스 캐럴","마크 트웨인","로버트 스티븐슨","잭 런던",2,"문학",1
"각도에서 한 바퀴는 몇 도인가?","270도","360도","400도","180도",2,"수학",1
"우리나라 최초의 신문은?","독립신문","제국신문","황성신문","한성순보",4,"상식",1
"'춘향전'을 바탕으로 한 판소리의 창법 분류는?","동편제와 서편제","남도와 북도","궁중과 서민","정악과 민속악",1,"예술",3
"태권도에서 상대를 발로 차는 기술을 무엇이라 하는가?","차기","막기","찌르기","지르기",1,"스포츠",1
"세계에서 인구 밀도가 매우 높은 도시국가는?","호주","몽골","싱가포르","캐나다",3,"지리",2
"별이 스스로 빛을 내는 이유는?","반사","핵융합","전기","마찰",2,"과학",3
"고구려의 시조 주몽이 세운 나라의 초기 수도는?","졸본","국내성","평양","환도성",1,"역사",2
"'돈키호테'를 쓴 스페인 작가는?","로르카","세르반테스","우나무노","보르헤스",2,"문학",2
"자연수 중 2의 배수를 무엇이라 하는가?","짝수","홀수","소수","합성수",1,"수학",1
"우리나라 최초로 노벨상을 받은 분야는?","문학","화학","평화","물리학",3,"상식",2
"'아를의 별이 빛나는 밤'을 그린 화가와 같은 인물이 그린 작품은?","모나리자","해바라기","진주 귀걸이를 한 소녀","절규",2,"예술",2
"마라톤 경기에서 가장 마지막에 들어오는 것을 부르는 표현이 아닌 것은?","실격","꼴찌","골인","완주",1,"스포츠",1
"세계에서 가장 큰 열대우림이 있는 강은?","나일강","아마존강","콩고강","미시시피강",2,"지리",2
"물체가 아래로 떨어지는 것은 어떤 힘 때문인가?","마찰력","탄성력","중력","자기력",3,"과학",1
"조선을 세운 태조 이성계의 위화도 회군 대상이었던 나라는?","명나라","원나라","청나라","일본",2,"역사",1
"응급 상황에서 경찰에 신고하는 전화번호는?","120","119","114","112",4,"상식",1
"세계에서 가장 인구가 많은 나라 중 하나로 갠지스강이 흐르는 나라는?","방글라데시","인도","중국","네팔",2,"지리",1
"물체의 온도를 재는 단위 중 절대온도의 단위는?","섭씨","칼로리","화씨","켈빈",4,"과학",2
"조선 후기 실학을 집대성하고 수원 화성을 설계한 인물은?","박제가","정약용","홍대용","이덕무",2,"역사",2
"'노인과 바다'의 주인공 어부의 이름은?","이스마엘","마놀린","아합","산티아고",4,"문학",3
"삼각형의 세 변의 길이가 모두 같은 삼각형은?","직각삼각형","이등변삼각형","정삼각형","둔각삼각형",3,"수학",1
"우리나라에서 어버이날은 몇 월 며칠인가?","5월 5일","5월 8일","5월 15일","6월 6일",2,"상식",1
"'진주 귀걸이를 한 소녀'를 그린 화가는?","루벤스","렘브란트","반 다이크","베르메르",4,"예술",1
"배구에서 공을 상대 코트로 강하게 내려치는 공격은?","스파이크","리시브","블로킹","서브",1,"스포츠",2
"세계에서 가장 큰 열대우림은?","콩고 우림","아마존 우림","보르네오 우림","다웰 우림",2,"지리",2
"인체에서 폐의 주요 기능은?","소화","혈액순환","호흡(기체교환)","배설",3,"과학",1
"신라의 골품제에서 최고 신분은?","성골","진골","6두품","5두품",1,"역사",1
"'멋진 신세계'를 쓴 작가는?","올더스 헉슬리","조지 오웰","레이 브래드버리","H.G. 웰스",1,"문학",3
"직각삼각형에서 직각을 마주 보는 변을 무엇이라 하는가?","밑변","높이","대변","빗변",4,"수학",2
"우리나라의 대표적인 세계문화유산으로 신라의 석굴 사원은?","불국사","석굴암","해인사","통도사",2,"상식",2
"'윌리엄 텔' 서곡을 작곡한 사람은?","바그너","베르디","푸치니","로시니",4,"예술",3
"태권도의 종주국은?","일본","대한민국","중국","태국",2,"스포츠",1
"세계에서 가장 건조한 사막으로 알려진 곳은?","아타카마","고비","칼라하리","사하라",1,"지리",1
"소리의 크기를 나타내는 단위는?","데시벨","헤르츠","와트","줄",1,"과학",2
"고구려의 을지문덕이 수나라 군대를 물리친 전투는?","귀주대첩","살수대첩","행주대첩","한산도대첩",2,"역사",1
"'허영의 시장'을 쓴 영국 작가는?","하디","디킨스","새커리","엘리엇",3,"문학",3
"직육면체에서 서로 만나지 않는 두 면을 무엇이라 하는가?","이웃한 면","수직인 면","평행한 면","합동인 면",3,"수학",2
"우리나라 최초의 우주인은?","이소연","고산","김연아","안창남",1,"상식",1
"오페라 '나비부인'을 작곡한 사람은?","베르디","푸치니","로시니","비제",2,"예술",1
"축구에서 반칙으로 퇴장당할 때 받는 카드의 색은?","빨간색","녹색","파란색","노란색",1,"스포츠",1
"세계에서 가장 큰 만을 이루는 벵골만이 접한 나라는?","이집트","인도","호주","칠레",2,"지리",3
"인체에서 인슐린을 분비하는 기관은?","간","신장","위","이자(췌장)",4,"과학",3
"조선의 세조가 왕위에 오르기 전 이름(대군)은?","금성대군","안평대군","광평대군","수양대군",4,"역사",1
"'파리대왕'과 달리 어린이 모험을 다룬 '보물섬'의 작가는?","캐럴","디포","스위프트","스티븐슨",4,"문학",2
"오각형의 변은 몇 개인가?","4개","7개","6개","5개",4,"수학",1
"우리나라의 24절기 중 가장 더운 시기를 나타내는 것은?","대한","대서","입춘","동지",2,"상식",1
"클래식 음악에서 가장 높은 음역의 여성 성부는?","테너","소프라노","알토","베이스",2,"예술",2
"양궁에서 사용하는 도구가 아닌 것은?","라켓","화살","과녁","활",1,"스포츠",1
"세계에서 가장 긴 국경선을 가진 두 나라는?","프랑스와 독일","러시아와 중국","인도와 중국","미국과 캐나다",4,"지리",3
"물의 순환에서 수증기가 물방울로 변하는 현상은?","증발","승화","응결","융해",3,"과학",2
"조선 최초의 서원인 소수서원을 세운 인물은?","이황","이이","주세붕","조광조",3,"역사",1
"'백경(모비딕)'을 쓴 미국 작가는?","마크 트웨인","허먼 멜빌","너새니얼 호손","에드거 앨런 포",2,"문학",2
"어떤 수에 1을 곱하면 결과는?","1","0","그 수 그대로","2배",3,"수학",1
"우리나라 전통 놀이 중 윷을 던져 하는 것은?","제기차기","연날리기","팽이치기","윷놀이",4,"상식",1
"'호두까기 인형'을 작곡한 사람은?","스트라빈스키","프로코피예프","차이콥스키","라흐마니노프",3,"예술",2
"복싱에서 가장 가벼운 체급에 가까운 것은?","헤비급","플라이급","미들급","라이트급",2,"스포츠",2
"세계에서 화산 활동이 활발한 '불의 고리'가 둘러싼 대양은?","대서양","인도양","북극해","태평양",4,"지리",2
"인체에서 혈액을 응고시키는 역할을 하는 것은?","혈소판","백혈구","혈장","적혈구",1,"과학",2
"고려 말 신진사대부와 함께 새 왕조를 세운 무장은?","이색","최영","정몽주","이성계",4,"역사",2
"'인간 실격'을 쓴 일본 작가는?","다자이 오사무","나쓰메 소세키","가와바타 야스나리","무라카미 하루키",1,"문학",1
"정사각형의 한 변이 5cm이면 넓이는?","10cm²","15cm²","20cm²","25cm²",4,"수학",1
"우리나라에서 가장 오래된 다리로 알려진 것은?","반포대교","불국사 청운교","살곶이다리","수표교",2,"상식",1
"'월광 소나타'를 작곡한 사람은?","모차르트","베토벤","쇼팽","리스트",2,"예술",2
"수영에서 두 팔을 동시에 앞으로 뻗었다 당기는 영법은?","자유형","배영","평영","접영",4,"스포츠",3
"세계에서 가장 넓은 국토를 가진 남아메리카 국가는?","아르헨티나","페루","브라질","콜롬비아",3,"지리",2
"눈이 하얗게 보이는 이유는?","빛을 통과","빛을 모두 흡수","빛을 굴절","빛을 모두 반사",4,"과학",2
"삼국시대 백제가 전성기를 이룬 왕은?","무령왕","성왕","근초고왕","의자왕",3,"역사",2
"'변신'과 함께 카프카가 쓴 미완성 장편 소설은?","심판(소송)","이방인","구토","페스트",1,"문학",1
"각도가 90도보다 크고 180도보다 작은 각을 무엇이라 하는가?","직각","둔각","예각","평각",2,"수학",2
"우리나라의 대표적인 전통 악기로 여섯 줄의 현악기는?","거문고","아쟁","해금","가야금",1,"상식",2
"미술에서 물감을 두껍게 칠하는 기법을 무엇이라 하는가?","프레스코","임파스토","스푸마토","콜라주",2,"예술",1
"육상 경기 중 창을 던지는 종목은?","창던지기","원반던지기","포환던지기","해머던지기",1,"스포츠",2
"세계에서 가장 낮은 지점으로 알려진 호수는?","카스피해","바이칼호","티티카카호","사해",4,"지리",2
"물질이 열을 받아 액체에서 기체로 변하는 것은?","승화","융해","응고","기화",4,"과학",2
"조선시대 왕의 자문 기관으로 학문을 연구하던 곳은?","성균관","홍문관","집현전","춘추관",3,"역사",1
"'죽은 혼'을 쓴 러시아 작가는?","톨스토이","고골","도스토옙스키","투르게네프",2,"문학",2
"36의 제곱근은?","4","5","6","7",3,"수학",1
"우리나라의 태극기에서 흰색 바탕이 상징하는 것은?","용맹","희망","평화","밝음과 순수",4,"상식",2
"'아이네이스'를 쓴 고대 로마 시인은?","호메로스","오비디우스","베르길리우스","단테",3,"예술",1
"축구에서 한 경기의 전반전과 후반전은 각각 몇 분인가?","30분","45분","50분","40분",2,"스포츠",1
"세계에서 커피 생산량이 가장 많은 나라는?","브라질","콜롬비아","에티오피아","베트남",1,"지리",2
"인체의 소화기관 중 영양소를 흡수하는 가장 긴 기관은?","소장","위","대장","식도",1,"과학",2
"삼국을 통일한 신라가 당나라를 몰아낸 전쟁은?","살수대첩","나당전쟁","귀주대첩","황산벌 전투",2,"역사",2
"'롤리타'를 쓴 작가는?","도스토옙스키","솔제니친","블라디미르 나보코프","파스테르나크",3,"문학",3
"평행선은 아무리 연장해도 어떻게 되는가?","만난다","겹친다","교차한다","만나지 않는다",4,"수학",1
"우리나라에서 스승의 날은 몇 월 며칠인가?","5월 5일","5월 20일","5월 8일","5월 15일",4,"상식",1
"'백조의 호수'에서 주인공 공주의 이름은?","클라라","지젤","오로라","오데트",4,"예술",3
"테니스에서 40대 40 동점 상황을 무엇이라 하는가?","러브","에이스","듀스","매치포인트",3,"스포츠",2
"세계에서 가장 큰 담수호가 있는 대륙은?","북아메리카","아시아","아프리카","유럽",1,"지리",3
"빛의 삼원색을 모두 합치면 무슨 색이 되는가?","검정","노랑","회색","흰색",4,"과학",2
"조선의 정조가 세운 왕실 도서관은?","집현전","규장각","홍문관","승정원",2,"역사",2
"'참을 수 없는 존재의 가벼움'을 쓴 작가는?","보르헤스","카프카","밀란 쿤데라","마르케스",3,"문학",3
"직육면체의 모서리는 몇 개인가?","10개","12개","8개","14개",2,"수학",1
"우리나라의 전통 명절 추석은 음력 몇 월 며칠인가?","7월 7일","8월 15일","1월 15일","9월 9일",2,"상식",1
"음악에서 여러 음을 동시에 울리는 것을 무엇이라 하는가?","화음","멜로디","리듬","박자",1,"예술",1
"마라톤에서 결승선을 통과하는 것을 무엇이라 하는가?","스타트","골인","패스","서브",2,"스포츠",1
"세계에서 가장 많은 섬으로 이루어진 나라는?","몰디브","필리핀","일본","인도네시아",4,"지리",3
"인체에서 뇌와 척수를 합쳐 무엇이라 부르는가?","중추신경계","운동신경","자율신경계","말초신경계",1,"과학",3
"고려 시대 거란의 침입을 외교로 물리친 인물은?","윤관","강감찬","서희","김윤후",3,"역사",1
"'주홍글씨'의 배경이 된 사회는 어떤 종교 사회인가?","가톨릭","청교도","이슬람","불교",2,"문학",3
"5각형의 대각선은 모두 몇 개인가?","3개","5개","4개","6개",2,"수학",2
"우리나라 최초의 근대 학교로 알려진 곳은?","원산학사","이화학당","육영공원","배재학당",1,"상식",1
"'왕벌의 비행'을 작곡한 러시아 작곡가는?","글린카","무소륵스키","림스키코르사코프","보로딘",3,"예술",3
"체조 종목 중 여자만 하는 종목은?","안마","이단평행봉","마루","링",2,"스포츠",3
"세계에서 가장 큰 반도인 아라비아 반도가 속한 대륙은?","아프리카","오세아니아","유럽","아시아",4,"지리",2
"소리가 물체에 부딪혀 되돌아오는 현상은?","굴절","흡수","반사(메아리)","회절",3,"과학",2
"조선의 임진왜란 3대 대첩이 아닌 것은?","진주대첩","행주대첩","귀주대첩","한산도대첩",3,"역사",1
"'파우스트'에서 파우스트가 영혼을 판 악마의 이름은?","루시퍼","사탄","메피스토펠레스","베엘제붑",3,"문학",3
"삼각형의 세 변 중 두 변의 길이의 합은 나머지 한 변보다?","항상 같다","항상 작다","항상 크다","무관하다",3,"수학",3
"우리나라의 국경일이 아닌 것은?","삼일절","광복절","개천절","성탄절",4,"상식",1
"'천지창조'가 그려진 시스티나 성당 천장화를 그린 예술가는?","보티첼리","라파엘로","다빈치","미켈란젤로",4,"예술",2
"수영에서 출발할 때 물속으로 뛰어드는 동작은?","턴","스트로크","다이빙(스타트)","킥",3,"스포츠",2
"세계에서 가장 높은 수도(고도)를 가진 나라 중 하나는?","프랑스","일본","볼리비아","이집트",3,"지리",1
"인체에서 소리를 처음 받아들이는 부위는?","청신경","달팽이관","외이도","고막",3,"과학",1
"조선 세종 때 편찬된 우리나라 최초의 농업 서적은?","향약집성방","동의보감","칠정산","농사직설",4,"역사",3
"우리나라의 국기를 부르는 이름은?","한국기","무궁화기","태극기","태극문양",3,"상식",1
"세계에서 가장 많은 나라가 접해 있는 대륙은?","아시아","남아메리카","아프리카","유럽",3,"지리",2
"물체가 정지 상태를 유지하려는 성질을 무엇이라 하는가?","관성","중력","마찰","탄성",1,"과학",2
"동학 농민 운동을 이끈 인물은?","전봉준","김옥균","최제우","손병희",1,"역사",2
"'위대한 유산'을 쓴 영국 작가는?","브론테","토머스 하디","조지 엘리엇","찰스 디킨스",4,"문학",3
"직사각형에서 두 대각선의 길이는?","0이다","서로 다르다","서로 같다","알 수 없다",3,"수학",2
"태극기가 게양되는 국경일이 아닌 것은?","밸런타인데이","제헌절","삼일절","광복절",1,"상식",1
"'절규'를 그린 뭉크는 어느 나라 화가인가?","노르웨이","스웨덴","덴마크","핀란드",1,"예술",2
"축구에서 페널티 킥은 몇 미터 거리에서 차는가?","9m","11m","13m","16m",2,"스포츠",2
"세계에서 가장 긴 해협 중 하나로 아시아와 유럽을 나누는 것은?","지브롤터 해협","보스포루스 해협","말라카 해협","도버 해협",2,"지리",3
"인체에서 음식물의 영양분을 저장하고 해독하는 기관은?","위","간","폐","신장",2,"과학",2
"조선의 4대 사화 중 마지막에 일어난 것은?","무오사화","을사사화","갑자사화","기묘사화",2,"역사",3
"'노르웨이의 숲'을 쓴 일본 작가는?","무라카미 하루키","다자이 오사무","가와바타 야스나리","나쓰메 소세키",1,"문학",2
"6의 계승(팩토리얼)은 얼마인가?","120","240","720","840",3,"수학",3
"우리나라의 24절기 중 봄의 시작을 알리는 것은?","입추","입하","입동","입춘",4,"상식",2
"오케스트라에서 가장 큰 현악기는?","바이올린","비올라","콘트라베이스","첼로",3,"예술",2
"수영 종목에서 네 가지 영법을 순서대로 하는 경기는?","자유형","개인혼영","계영","혼계영",2,"스포츠",3
"세계에서 가장 큰 사막 중 하나인 고비 사막이 있는 대륙은?","아프리카","유럽","아시아","오세아니아",3,"지리",1
"소리는 어떤 형태로 전달되는가?","자기","빛","전류","파동",4,"과학",2
"고려를 세운 왕건이 후삼국을 통일한 나라는?","발해","후고구려","신라","후백제",4,"역사",2
"'싯다르타'와 '데미안'을 쓴 작가는 어느 나라 사람인가?","스위스","프랑스","독일","오스트리아",3,"문학",1
"직각의 절반 각도는 몇 도인가?","45도","60도","30도","90도",1,"수학",1
"우리나라에서 한글날은 몇 월 며칠인가?","10월 3일","9월 9일","11월 1일","10월 9일",4,"상식",1
"'피터와 늑대'를 작곡한 러시아 작곡가는?","프로코피예프","차이콥스키","스트라빈스키","쇼스타코비치",1,"예술",1
"골프에서 파보다 2타 적게 홀을 마치는 것을 무엇이라 하는가?","보기","버디","이글","파",3,"스포츠",2
"세계에서 가장 큰 화산이 있는 것으로 알려진 곳은?","하와이","일본","이탈리아","아이슬란드",1,"지리",3
"인체의 심장은 몇 개의 방(공간)으로 이루어져 있는가?","2개","3개","4개","5개",3,"과학",2
"조선의 개혁 정치를 펼치다 기묘사화로 희생된 인물은?","이황","정도전","이이","조광조",4,"역사",3
"'제르미날'을 쓴 프랑스 자연주의 작가는?","발자크","에밀 졸라","플로베르","모파상",2,"문학",1
"정육각형의 내각의 합은 몇 도인가?","540도","1080도","720도","900도",3,"수학",3
"우리나라의 전통 가옥을 무엇이라 하는가?","와가","기와집","초가집","한옥",4,"상식",1
"'라 보엠'을 작곡한 이탈리아 작곡가는?","도니체티","베르디","로시니","푸치니",4,"예술",3
"농구 경기의 정식 쿼터 수는?","2쿼터","3쿼터","4쿼터","5쿼터",3,"스포츠",1
"세계에서 두 번째로 큰 대륙은?","아시아","북아메리카","아프리카","남아메리카",3,"지리",2
"눈으로 볼 수 있는 빛을 무엇이라 하는가?","자외선","가시광선","적외선","엑스선",2,"과학",2
"삼국사기를 편찬한 고려의 학자는?","이규보","일연","김부식","최충",3,"역사",1
"'변신'의 주인공 그레고르 잠자가 변한 것은?","새","쥐","개","벌레",4,"문학",2
"원의 중심에서 원 위의 한 점까지의 거리를 무엇이라 하는가?","지름","반지름","현","둘레",2,"수학",1
"우리나라의 대표적 전통 무예로 국가무형문화재인 것은?","가라테","택견","쿵후","무에타이",2,"상식",2
"'아를의 붉은 포도밭'을 그린 화가는?","마티스","고흐","세잔","고갱",2,"예술",3
"태권도의 겨루기에서 얼굴 공격이 허용되는 부위는?","앞차기만","박치기","주먹","돌려차기 등 발 기술",4,"스포츠",3
"세계에서 가장 큰 섬나라는?","마다가스카르","인도네시아","그린란드","호주",2,"지리",3
"물의 3태 중 기체 상태를 무엇이라 하는가?","얼음","서리","물","수증기",4,"과학",1
"조선의 정약용이 유배 생활 중 저술한 형법서는?","목민심서","흠흠신서","경세유표","여유당전서",2,"역사",1
"'죄와 벌'의 주인공 이름은?","알료샤","이반","드미트리","라스콜리니코프",4,"문학",1
"한 각이 180도인 각을 무엇이라 하는가?","직각","평각","둔각","예각",2,"수학",2
"우리나라 애국가를 작곡한 사람은?","박태준","홍난파","윤이상","안익태",4,"상식",1
"'인상, 해돋이'가 속한 미술 사조는?","초현실주의","입체주의","인상주의","야수주의",3,"예술",2
"펜싱에서 온몸을 유효 타격 부위로 하는 종목은?","플뢰레","포일","사브르","에페",4,"스포츠",1
"세계에서 가장 인구가 많은 도시권 중 하나로 일본의 수도권은?","오사카권","나고야권","후쿠오카권","도쿄권",4,"지리",2
"인체에서 가장 많은 비율을 차지하는 물질은?","단백질","지방","무기질","물",4,"과학",1
"신라 진흥왕이 영토 확장을 기념해 세운 비석은?","광개토대왕비","단양적성비","순수비","임신서기석",3,"역사",1
"'적과 흑'의 주인공 이름은?","라스티냐크","장 발장","쥘리앵 소렐","에드몽 당테스",3,"문학",3
"사다리꼴의 넓이를 구할 때 필요한 두 변은?","한 변만","두 대각선","두 높이","윗변과 아랫변",4,"수학",2
"우리나라의 전통 장류 중 붉은 색을 띠는 매운 장은?","된장","고추장","간장","청국장",2,"상식",1
"'카르멘'을 작곡한 프랑스 작곡가는?","생상스","구노","비제","마스네",3,"예술",3
"야구에서 타자가 1루, 2루, 3루, 홈을 모두 밟는 것을 무엇이라 하는가?","안타","홈런","도루","번트",2,"스포츠",1
"세계에서 가장 높은 고원으로 '세계의 지붕'이라 불리는 곳은?","데칸 고원","안데스 고원","에티오피아 고원","티베트 고원",4,"지리",1
"물체의 무게를 재는 단위는?","초","리터","미터","킬로그램",4,"과학",1
"임진왜란 때 행주대첩을 이끈 장군은?","곽재우","권율","김시민","이순신",2,"역사",2
"'폭풍의 언덕'의 배경이 되는 영국 지방은?","웨일스","런던","스코틀랜드","요크셔",4,"문학",3
"평행사변형의 넓이는 밑변 × 무엇인가?","한 변","대각선","높이","둘레",3,"수학",2
"우리나라의 국보 중 신라의 금관이 많이 출토된 지역은?","경주","부여","공주","서울",1,"상식",2
"'환희의 송가'가 포함된 베토벤의 교향곡은?","교향곡 5번","교향곡 6번","교향곡 9번","교향곡 3번",3,"예술",3
"마라톤에서 세계 신기록은 어느 종목에 해당하는가?","단거리","중거리","장거리","혼성",3,"스포츠",2
"세계에서 가장 넓은 나라 러시아의 수도가 위치한 대륙은?","유럽","아프리카","아메리카","아시아",1,"지리",2
"인체에서 혈액이 온몸을 한 바퀴 도는 순환계를 무엇이라 하는가?","소화계","호흡계","순환계","신경계",3,"과학",1
"고려 시대 최무선이 개발한 무기와 관련된 것은?","화약","거북선","석궁","투석기",1,"역사",1
"'참을 수 없는 존재의 가벼움'의 작가는 어느 나라 출신인가?","폴란드","러시아","헝가리","체코",4,"문학",1
"정삼각형의 세 내각은 각각 몇 도인가?","60도","45도","30도","90도",1,"수학",1
"우리나라의 전통 종이를 무엇이라 하는가?","한지","화선지","양지","닥종이",1,"상식",2
"'백조의 호수'와 '호두까기 인형'을 작곡한 사람은?","라흐마니노프","프로코피예프","스트라빈스키","차이콥스키",4,"예술",2
"수영장에서 25m 또는 50m 길이의 수영장을 무엇이라 하는가?","단수로/장수로","레인","코스","블록",1,"스포츠",3
"세계에서 가장 큰 만년설이 있는 대륙은?","남극","아시아","북아메리카","유럽",1,"지리",1
"물이 흐르면서 만든 지형 중 강물이 굽이치는 곳을 무엇이라 하는가?","삼각주","협곡","곡류","폭포",3,"과학",1
"조선의 흥선대원군이 세운 정책으로 서양과 통상을 거부한 것은?","동도서기","쇄국정책","위정척사","개화정책",2,"역사",2
"'허클베리 핀의 모험'과 같은 작가가 쓴 작품은?","올리버 트위스트","보물섬","톰 소여의 모험","소공자",3,"문학",2
"어떤 수를 0으로 나누는 것은 수학적으로?","1이다","0이다","정의되지 않는다","그 수와 같다",3,"수학",3
"우리나라의 대표적인 전통 놀이로 실을 이용하는 것은?","제기차기","윷놀이","실뜨기","팽이치기",3,"상식",1
"'모차르트'가 태어난 나라는?","독일","이탈리아","프랑스","오스트리아",4,"예술",2
"태권도 품새에서 기본이 되는 자세가 아닌 것은?","백스핀","뒷굽이","앞굽이","주춤서기",1,"스포츠",1
"세계에서 가장 큰 폭포로 물의 양이 많은 것은?","나이아가라","앙헬","빅토리아","이과수",4,"지리",3
"인체에서 눈의 색을 결정하는 부분은?","각막","홍채","수정체","망막",2,"과학",2
"신라 말 최치원이 당나라 유학 후 지은 문집은?","계원필경","삼국유사","동국통감","제왕운기",1,"역사",1
"'파리대왕'에서 무인도에 표류한 사람들은 주로 누구인가?","군인","과학자","선원","소년들",4,"문학",2
"직각삼각형의 두 변이 3과 4이면 빗변은?","5","6","7","8",1,"수학",2
"우리나라의 전통 혼례에서 신랑이 타고 가는 것은?","가마","배","수레","말",4,"상식",2
"'보리밭'과 '봉선화' 같은 우리 가곡을 작곡한 사람은?","윤이상","홍난파","안익태","현제명",2,"예술",3
"복싱에서 한 경기의 최대 라운드 수는 보통 몇 라운드인가?","9","12","6","15",2,"스포츠",2
"세계에서 지진과 화산이 자주 일어나는 나라로 유명한 곳은?","캐나다","일본","이집트","호주",2,"지리",1
"물이 100도에서 끓기 시작하는 것은 몇 기압에서인가?","0.5기압","3기압","2기압","1기압",4,"과학",2
"조선시대 임금의 명령을 기록한 문서를 무엇이라 하는가?","교지","상소","장계","격문",1,"역사",1
"'천로역정'을 쓴 영국 작가는?","대니얼 디포","존 밀턴","존 버니언","조너선 스위프트",3,"문학",3
"원기둥의 밑면은 무슨 모양인가?","삼각형","오각형","사각형","원",4,"수학",1
"우리나라의 대표적 전통 춤으로 부채를 들고 추는 것은?","승무","부채춤","살풀이","탈춤",2,"상식",2
"'만종'과 '이삭 줍는 사람들'을 그린 화가는?","도미에","쿠르베","밀레","코로",3,"예술",2
"양궁에서 한 세트 동안 쏘는 화살의 개수는 보통 몇 발인가?","2발","5발","3발","10발",3,"스포츠",1
"세계에서 가장 큰 대양인 태평양에 접하지 않는 나라는?","프랑스","일본","페루","미국",1,"지리",2
"인체에서 뼈를 튼튼하게 하는 데 필요한 무기질은?","철분","나트륨","칼슘","칼륨",3,"과학",2
"고려 무신정권 시기에 일어난 노비 해방 운동을 이끈 인물은?","묘청","김사미","만적","이의민",3,"역사",1
"책을 무료로 빌려 읽을 수 있는 공공 시설은?","미술관","박물관","도서관","극장",3,"상식",1
"세계에서 가장 인구가 많은 도시가 속한 대륙이 아닌 곳은?","아시아","남아메리카","아프리카","남극",4,"지리",1
"밤하늘에서 스스로 빛을 내지 않고 태양빛을 반사하는 천체는?","항성","행성","은하","성운",2,"과학",2
"우리나라 최초의 근대적 헌법이 제정된 정부는?","제1공화국","대한민국 임시정부","조선총독부","대한제국",1,"역사",3
"'레 미제라블'의 주인공 이름은?","장 발장","자베르","마리우스","코제트",1,"문학",2
"정다각형에서 모든 변의 길이와 각의 크기는?","일부만 같다","모두 다르다","모두 같다","알 수 없다",3,"수학",2
"우리나라에서 어린이날은 몇 월 며칠인가?","5월 5일","5월 8일","6월 1일","4월 5일",1,"상식",1
"'게르니카'를 그린 피카소가 속한 미술 사조는?","야수주의","입체주의","인상주의","초현실주의",2,"예술",1
"축구에서 경기 시작이나 득점 후 중앙에서 공을 차는 것을 무엇이라 하는가?","스로인","코너킥","프리킥","킥오프",4,"스포츠",1
"세계에서 국토 대부분이 사막인 나라로 유명한 곳은?","프랑스","캐나다","사우디아라비아","일본",3,"지리",2
"물질이 액체에서 고체로 변하는 것을 무엇이라 하는가?","융해","승화","기화","응고",4,"과학",2
"조선 후기 서민들 사이에서 유행한 그림으로, 소박한 민화가 아닌 것은?","까치호랑이","화조도","진경산수화","문자도",3,"역사",1
"'죄와 벌'을 쓴 작가의 국적은?","영국","프랑스","러시아","독일",3,"문학",2
"한 자리 자연수 중 소수의 개수는?","5개","3개","4개","2개",3,"수학",3
"우리나라의 대표적인 발효 음료로 쌀로 만든 전통 술은?","막걸리","맥주","와인","위스키",1,"상식",1
"'봄의 소리 왈츠'를 작곡한 사람은?","요한 슈트라우스 2세","베토벤","쇼팽","브람스",1,"예술",1
"테니스에서 서브가 네트를 맞고 서비스 코트에 들어가는 것을 무엇이라 하는가?","에이스","폴트","렛","듀스",3,"스포츠",3
"세계에서 가장 큰 규모의 열대 초원(사바나)이 있는 대륙은?","아시아","유럽","아프리카","남극",3,"지리",2
"소리의 3요소가 아닌 것은?","높낮이","크기","무게","맵시(음색)",3,"과학",2
"고조선의 건국 신화에 등장하는 인물은?","김수로","단군왕검","박혁거세","주몽",2,"역사",1
"'파리대왕'과 '멋진 신세계'는 모두 어떤 장르에 가까운가?","동화","로맨스","추리","디스토피아",4,"문학",1
"정사각형의 네 각은 각각 몇 도인가?","60도","90도","120도","180도",2,"수학",1
"우리나라의 전통 명절 중 음력 5월 5일은?","설날","한식","단오","추석",3,"상식",2
"'봄' 협주곡이 포함된 비발디의 작품집 이름은?","사계","전람회의 그림","호두까기 인형","봄의 제전",1,"예술",2
"농구에서 자유투 한 개의 점수는?","4점","2점","3점","1점",4,"스포츠",1
"세계에서 가장 낮은 육지 지역으로 소금 호수가 있는 곳은?","안데스","티베트","사해 주변","알프스",3,"지리",1
"인체에서 산소와 이산화탄소를 교환하는 작은 공기 주머니는?","폐포","기관지","후두","횡격막",1,"과학",3
"조선의 대표적 백자로 유명한 도자기의 색은?","청록색","흑색","순백색","적갈색",3,"역사",2
"'변신 이야기'는 주로 무엇에 대한 이야기인가?","전쟁","사랑","신화적 변신","모험",3,"문학",2
"두 직선이 만나서 생기는 마주 보는 각을 무엇이라 하는가?","맞꼭지각","동위각","엇각","보각",1,"수학",3
"우리나라의 전통 악기 중 대나무로 만든 관악기는?","거문고","가야금","해금","대금",4,"상식",2
"'천사'와 '성모' 그림으로 유명한 르네상스 화가 라파엘로의 출신국은?","독일","프랑스","이탈리아","스페인",3,"예술",3
"수영 자유형에서 물을 손으로 젓는 동작을 무엇이라 하는가?","스트로크","킥","턴","스타트",1,"스포츠",2
"세계에서 가장 큰 대륙 아시아에 속하지 않는 나라는?","중국","인도","이집트","일본",3,"지리",1
"물이 얼 때의 온도는 섭씨 몇 도인가?","100도","10도","-10도","0도",4,"과학",1
"조선을 세운 태조 이성계가 도읍으로 삼은 곳은?","개경","경주","한양","평양",3,"역사",2
"'톰 소여의 모험'의 배경이 되는 강은?","템스강","아마존강","미시시피강","나일강",3,"문학",3
"평면도형에서 넓이의 단위로 알맞은 것은?","리터","센티미터","제곱센티미터","킬로그램",3,"수학",1
"우리나라의 전통 놀이로 정월대보름에 하는 것은?","팽이치기","윷놀이","쥐불놀이","제기차기",3,"상식",2
"미술에서 색을 칠하지 않고 선으로만 그리는 것을 무엇이라 하는가?","소묘(데생)","채색화","수채화","유화",1,"예술",2
"축구에서 골대 앞에서 상대를 막는 최후의 수비수는?","미드필더","공격수","골키퍼","심판",3,"스포츠",1
"세계에서 가장 큰 열대 섬 보르네오섬을 나누어 가진 나라가 아닌 것은?","말레이시아","인도네시아","브루나이","필리핀",4,"지리",1
"인체에서 음식을 씹어 잘게 부수는 기관은?","위","이(치아)","목","혀",2,"과학",1
"고구려 광개토대왕의 업적을 기록한 비석이 있는 지역은?","경주","만주 지안","평양","한양",2,"역사",1
"'셜록 홈즈'의 조수이자 기록자의 이름은?","마이크로프트","모리아티","왓슨","레스트레이드",3,"문학",2
"삼각형의 세 각의 합은 몇 도인가?","180도","90도","270도","360도",1,"수학",1
"우리나라 최초의 여성 서양화가로 알려진 인물은?","신사임당","윤심덕","나혜석","최승희",3,"상식",1
"'봄'을 주제로 한 곡이 포함된 '사계'는 어떤 악기 협주곡인가?","바이올린","피아노","첼로","플루트",1,"예술",3
"올림픽에서 금메달을 딴 선수가 서는 시상대의 위치는?","가운데 낮은 곳","가장 높은 곳","가장 낮은 곳","맨 왼쪽",2,"스포츠",1
"세계에서 가장 긴 강 나일강이 흐르는 대륙은?","남아메리카","아시아","유럽","아프리카",4,"지리",1
"물체가 물에 뜨는 이유는 무엇 때문인가?","마찰력","중력","부력","자기력",3,"과학",2
"조선 세종 때 만들어진 우리 고유의 역법서는?","동의보감","농사직설","향약집성방","칠정산",4,"역사",3
"'적과 흑'과 '파르마의 수도원'을 쓴 작가는?","플로베르","스탕달","위고","발자크",2,"문학",3
"어떤 수와 그 수의 역수를 곱하면?","0","1","그 수","2",2,"수학",3
"우리나라의 대표적 전통 장난감으로 나무로 만들어 돌리는 것은?","윷","연","제기","팽이",4,"상식",1
"'봄의 제전'을 작곡한 사람의 국적은?","이탈리아","프랑스","러시아","독일",3,"예술",2
"권투에서 상대의 공격을 피하는 동작을 무엇이라 하는가?","위빙(더킹)","펀치","클린치","잽",1,"스포츠",3
"세계에서 가장 큰 규모의 산호초 지대는?","카리브해","그레이트 배리어 리프","몰디브","산호해",2,"지리",3
"인체에서 혈액 속 산소를 운반하는 붉은 색소는?","콜라겐","헤모글로빈","멜라닌","케라틴",2,"과학",3
"조선 후기 실학자 박지원이 쓴 소설이 아닌 것은?","구운몽","양반전","호질","허생전",1,"역사",3
"'노인과 바다'의 작가가 받은 상은?","공쿠르상","퓰리처상","노벨문학상","부커상",3,"문학",2
"직사각형에서 마주 보는 두 변의 길이는?","0이다","같다","다르다","알 수 없다",2,"수학",1
"우리나라의 전통 결혼식을 무엇이라 하는가?","성년례","제례","차례","혼례",4,"상식",2
"'아이다'와 '리골레토'를 작곡한 이탈리아 작곡가는?","푸치니","로시니","베르디","벨리니",3,"예술",2
"수영 접영에서 두 다리를 함께 움직이는 발차기를 무엇이라 하는가?","개구리킥","플러터킥","돌핀킥","시저스킥",3,"스포츠",3
"세계에서 인구 밀도가 가장 낮은 대륙은?","오세아니아","남극","아프리카","유럽",2,"지리",2
"식물이 밤에 산소를 소비하고 이산화탄소를 내보내는 작용은?","광합성","증산","호흡","발아",3,"과학",2
"신라의 삼국통일 과정에서 백제를 멸망시킨 전투는?","황산벌 전투","살수대첩","귀주대첩","한산도대첩",1,"역사",2
"'파우스트'는 어느 나라 작가의 작품인가?","독일","프랑스","영국","러시아",1,"문학",2
"정삼각형의 대칭축은 모두 몇 개인가?","1개","2개","3개","4개",3,"수학",3
"우리나라의 대표적 전통 문양으로 장수를 상징하는 것은?","봉황","태극","십장생","용",3,"상식",3
"'인상, 해돋이'를 그려 인상주의를 대표하는 화가는?","드가","마네","모네","피사로",3,"예술",2
"양궁에서 화살을 쏘는 자세를 무엇이라 하는가?","슈팅","릴리스","드로잉","에이밍",2,"스포츠",3
"세계에서 가장 큰 나라 러시아가 걸쳐 있는 대륙은?","아시아와 아프리카","유럽과 아메리카","유럽과 아시아","아시아만",3,"지리",1
"물체가 지구 중심으로 당겨지는 힘을 무엇이라 하는가?","마찰력","부력","중력","탄성력",3,"과학",1
"조선의 임금 중 탕평책을 실시한 왕이 아닌 사람은?","순조","정조","영조","연산군",4,"역사",2
"'변신'과 '심판'을 쓴 작가는?","릴케","카프카","니체","헤세",2,"문학",3
"각의 크기가 0도보다 크고 90도보다 작은 각은?","둔각","직각","예각","평각",3,"수학",1
"우리나라의 세시풍속 중 동지에 먹는 음식은?","떡국","송편","팥죽","화전",3,"상식",2
"'천지창조'와 '최후의 심판'을 그린 예술가는?","다빈치","보티첼리","라파엘로","미켈란젤로",4,"예술",2
"복싱에서 두 선수가 서로 껴안아 공격을 막는 것을 무엇이라 하는가?","잽","클린치","훅","스트레이트",2,"스포츠",1
"세계에서 가장 큰 담수호인 슈피리어호가 있는 나라는?","러시아","중국","브라질","미국과 캐나다",4,"지리",2
"인체에서 뇌가 명령을 전달하는 통로 역할을 하는 신경 다발은?","폐","척수","심장","간",2,"과학",2
"고려 시대 팔만대장경을 만든 목적은?","농업 발전","불교의 힘으로 외적을 물리치기 위해","과거 시험","무역 확대",2,"역사",3
"'주홍글씨'의 주인공 헤스터 프린의 가슴에 새겨진 글자는?","B","A","C","S",2,"문학",2
"100원짜리 동전 5개는 모두 얼마인가?","300원","600원","400원","500원",4,"수학",1
"우리나라의 대표적 전통 가옥에서 방바닥을 데우는 난방 방식은?","라디에이터","온돌","화로","벽난로",2,"상식",1
"오케스트라에서 지휘자가 사용하는 도구는?","지휘봉","활","건반","악보대",1,"예술",1
"태권도에서 상대의 공격을 손이나 팔로 막는 동작은?","찌르기","막기","지르기","차기",2,"스포츠",1
"세계에서 가장 큰 열대우림 아마존이 있는 남아메리카 국가는?","페루","아르헨티나","칠레","브라질",4,"지리",1
"물을 전기분해하면 생기는 두 가지 기체는?","이산화탄소와 물","질소와 산소","수소와 질소","수소와 산소",4,"과학",2
"조선 후기 정조가 아버지 사도세자를 위해 지은 성은?","한양도성","수원 화성","남한산성","진주성",2,"역사",3
"'백년의 고독'의 배경이 되는 가상의 마을 이름은?","요크나파토파","콤알라","산타 마리아","마콘도",4,"문학",1
"삼각형에서 두 변의 길이의 합은 나머지 한 변보다 어떠한가?","항상 크다","항상 작다","같다","알 수 없다",1,"수학",2
"우리나라의 대표적 전통 놀이인 널뛰기에서 사용하는 도구는?","공","긴 널판","연","윷",2,"상식",1
"'봄' 협주곡이 속한 사계는 몇 개의 협주곡으로 이루어져 있는가?","4개","3개","5개","2개",1,"예술",2
"펜싱, 양궁, 사격처럼 정확성을 겨루는 종목에 해당하지 않는 것은?","양궁","펜싱","사격","마라톤",4,"스포츠",2
"세계에서 두 개 이상의 시간대를 가진 큰 나라가 아닌 것은?","러시아","바티칸","캐나다","미국",2,"지리",3
"인체에서 뼈와 근육을 연결하는 조직은?","인대","혈관","연골","힘줄(건)",4,"과학",2
"조선의 세종대왕이 백성을 위해 만든 문자는?","훈민정음","이두","향찰","구결",1,"역사",1
"우리나라에서 국회의원을 뽑는 방식은?","선거","추첨","임명","세습",1,"상식",2
"세계에서 가장 큰 바다 태평양의 이름은 어느 탐험가가 붙였는가?","콜럼버스","쿡","마젤란","바스코 다 가마",3,"지리",1
"물질을 이루는 가장 작은 입자 단위를 무엇이라 하는가?","분자","세포","원자","이온",3,"과학",2
"우리나라 삼국 중 가장 먼저 멸망한 나라는?","백제","고구려","신라","가야",1,"역사",3
"'돈키호테'의 충직한 하인의 이름은?","로시난테","둘시네아","알돈사","산초 판사",4,"문학",1
"삼각형 중 한 각이 90도인 것은?","정삼각형","직각삼각형","둔각삼각형","예각삼각형",2,"수학",1
"우리나라에서 개천절은 무엇을 기념하는 날인가?","광복","3·1운동","고조선 건국","한글 창제",3,"상식",2
"'해바라기'와 '별이 빛나는 밤'을 그린 화가의 국적은?","벨기에","네덜란드","독일","프랑스",2,"예술",2
"축구에서 선수가 공을 상대 진영으로 길게 차 보내는 것을 무엇이라 하는가?","헤딩","드리블","태클","롱패스",4,"스포츠",1
"세계에서 가장 큰 사막인 사하라 사막은 주로 어떤 지형인가?","늪","빙하","숲","모래와 암석",4,"지리",1
"소금과 설탕처럼 물에 녹는 물질을 무엇이라 하는가?","용매","용질","용액","혼합물",2,"과학",2
"조선 시대 왕이 신하들과 학문을 토론하던 자리를 무엇이라 하는가?","과거","조회","경연","연회",3,"역사",1
"'파리대왕'을 쓴 작가가 받은 상은?","퓰리처상","노벨문학상","부커상","공쿠르상",2,"문학",2
"삼각형의 한 꼭짓점에서 마주 보는 변에 수직으로 그은 선분은?","중선","밑변","대각선","높이",4,"수학",2
"우리나라의 대표적 전통 무예 택견은 어떤 특징이 있는가?","기마술","부드러운 곡선 동작","무기 사용","직선적인 타격",2,"상식",2
"'월광 소나타'와 '엘리제를 위하여'를 작곡한 사람은?","모차르트","베토벤","쇼팽","슈베르트",2,"예술",2
"태권도에서 발로 몸통을 차서 얻는 점수는 보통 몇 점인가?","5점","2점","3점","1점",4,"스포츠",1
"세계에서 가장 넓은 나라 러시아의 국토는 주로 어느 반구에 있는가?","북반구","남반구","동반구만","서반구만",1,"지리",2
"인체에서 눈에 들어온 빛이 상을 맺는 부분은?","망막","각막","홍채","수정체",1,"과학",2
"고려의 성종 때 최승로가 올린 개혁안은?","훈요 10조","시무 28조","계백료서","정계",2,"역사",3
"'노인과 바다'에서 노인이 잡은 큰 물고기는?","참치","상어","고래","청새치",4,"문학",1
"직육면체의 꼭짓점은 몇 개인가?","8개","6개","10개","12개",1,"수학",2
"우리나라 전통 명절 한식은 어떤 계절에 있는가?","겨울","봄","가을","여름",2,"상식",1
"'천지창조'를 그린 미켈란젤로는 어느 시대의 예술가인가?","바로크","르네상스","고전주의","낭만주의",2,"예술",2
"야구에서 투수가 던지는 위치를 무엇이라 하는가?","덕아웃","홈플레이트","마운드","베이스",3,"스포츠",2
"세계에서 가장 긴 강 나일강이 흘러드는 바다는?","인도양","지중해","대서양","홍해",2,"지리",1
"물체의 운동 상태를 바꾸는 원인을 무엇이라 하는가?","거리","속도","힘","질량",3,"과학",2
"조선 후기 실학의 한 갈래로 상공업 진흥을 주장한 학파는?","실사구시 학파","경세치용 학파","이용후생 학파(북학파)","위정척사파",3,"역사",3
"'인간 실격'을 쓴 다자이 오사무의 국적은?","한국","중국","일본","베트남",3,"문학",3
"평행사변형에서 마주 보는 두 각의 크기는?","다르다","같다","합이 90도","합이 180도",2,"수학",2
"우리나라의 전통 문양에서 태극은 무엇을 상징하는가?","음양의 조화","용맹","순수","장수",1,"상식",2
"'라 트라비아타'의 뜻은 무엇인가?","나비","춘희","길 잃은 여인","여왕",3,"예술",1
"수영에서 벽을 차고 방향을 바꾸는 동작을 무엇이라 하는가?","스트로크","스타트","킥","턴",4,"스포츠",2
"세계에서 가장 인구가 많은 대륙은?","아프리카","아시아","유럽","북아메리카",2,"지리",1
"소리가 공기 중에서 이동하는 속도는 약 초속 몇 미터인가?","약 1000m","약 100m","약 340m","약 30만 km",3,"과학",1
"고구려의 대표적 고분 벽화가 그려진 무덤이 있는 지역은?","서울","집안과 평양","공주","경주",2,"역사",3
"'변신'에서 그레고르 잠자의 직업은?","의사","외판원","교사","군인",2,"문학",3
"100분의 1을 백분율로 나타내면?","1%","10%","100%","0.1%",1,"수학",2
"우리나라의 대표적 전통 음식으로 밥에 여러 나물을 비벼 먹는 것은?","불고기","비빔밥","김밥","냉면",2,"상식",1
"'봄' '여름' '가을' '겨울'로 구성된 비발디 작품의 장르는?","교향곡","소나타","협주곡","오페라",3,"예술",2
"복싱에서 주먹을 곧게 뻗는 기본 공격은?","어퍼컷","훅","잽","클린치",3,"스포츠",2
"세계에서 화산섬으로 유명하며 '불과 얼음의 나라'로 불리는 곳은?","아이슬란드","그린란드","노르웨이","핀란드",1,"지리",3
"인체에서 세포가 에너지를 만드는 소기관은?","리보솜","핵","미토콘드리아","엽록체",3,"과학",3
"신라의 천문 관측 시설로 동양에서 가장 오래된 것은?","석굴암","첨성대","불국사","다보탑",2,"역사",2
"'죄와 벌'의 배경이 되는 도시는?","파리","모스크바","런던","상트페테르부르크",4,"문학",3
"삼각형의 넓이를 구할 때 필요한 두 가지는?","둘레와 각","두 대각선","밑변과 높이","반지름",3,"수학",1
"우리나라 최초의 근대적 우편 제도를 담당한 기관은?","전신국","우정총국","체신부","우체국",2,"상식",3
"'게르니카'는 어떤 사건을 주제로 그린 작품인가?","프랑스 혁명","스페인 내전의 폭격","2차 대전","산업혁명",2,"예술",3
"양궁 경기에서 사용하는 활의 종류가 아닌 것은?","라켓보우","컴파운드","롱보우","리커브",1,"스포츠",2
"세계에서 가장 큰 대륙 아시아와 유럽을 합쳐 부르는 말은?","유라시아","아프로유라시아","아메리카","오세아니아",1,"지리",2
"물이 수증기가 되어 하늘로 올라가는 현상은?","증발","응결","강수","침투",1,"과학",1
"조선 시대에 왕의 초상화를 무엇이라 하는가?","화상","어진","진영","초본",2,"역사",3
"'허클베리 핀의 모험'을 쓴 마크 트웨인의 본명은?","벤저민 프랭클린","조지 오웰","새뮤얼 클레먼스","윌리엄 시드니",3,"문학",3
"정육면체의 모든 면은 어떤 도형인가?","정사각형","직사각형","삼각형","원",1,"수학",1
"우리나라의 전통 음악에서 궁중에서 연주되던 음악을 무엇이라 하는가?","민속악","정악","산조","판소리",2,"상식",2
"'모나리자'가 소장된 미술관은?","우피치 미술관","오르세 미술관","프라도 미술관","루브르 박물관",4,"예술",2
"축구에서 한 팀이 상대 골문에 공을 넣으면 무엇이라 하는가?","골","파울","오프사이드","코너킥",1,"스포츠",1
"세계에서 가장 큰 대양 태평양에 접한 남아메리카 국가는?","아르헨티나","브라질","칠레","우루과이",3,"지리",2
"인체에서 음식물이 처음 들어가는 소화 기관은?","소장","위","식도","입",4,"과학",1
"고려 시대에 만들어진 세계 최고(最古)의 금속활자본은?","직지심체요절","팔만대장경","무구정광대다라니경","삼국사기",1,"역사",3
"'젊은 예술가의 초상'을 쓴 아일랜드 작가는?","제임스 조이스","오스카 와일드","W.B. 예이츠","버나드 쇼",1,"문학",3
"정사각형은 몇 개의 대칭축을 가지는가?","4개","2개","3개","6개",1,"수학",1
"우리나라의 전통 놀이로 편을 나누어 줄을 당기는 것은?","제기차기","윷놀이","연날리기","줄다리기",4,"상식",1
"'봄' 협주곡을 작곡한 비발디의 별명은?","붉은 머리 사제","음악의 아버지","가곡의 왕","피아노의 시인",1,"예술",1
"태권도에서 겨루기 중 상대를 넘어뜨리거나 밀면 어떻게 되는가?","감점","가점","무효","승리",1,"스포츠",1
"세계에서 가장 큰 규모의 폭포인 이과수 폭포가 있는 대륙은?","북아메리카","남아메리카","아시아","아프리카",2,"지리",2
"물이 끓을 때 생기는 기포의 정체는?","산소","공기","수증기","이산화탄소",3,"과학",3
"조선의 실학자 김정호가 만든 우리나라 지도는?","동국지도","혼일강리역대국도지도","팔도지도","대동여지도",4,"역사",1
"'파우스트'에서 파우스트가 추구한 것은?","부","무한한 지식과 쾌락","권력","명예",2,"문학",3
"두 수 6과 8의 최소공배수는?","14","48","12","24",4,"수학",2
"우리나라의 전통 한복에서 여성이 입는 웃옷을 무엇이라 하는가?","두루마기","저고리","치마","마고자",2,"상식",2
"오케스트라에서 목관악기에 속하지 않는 것은?","트럼펫","플루트","오보에","클라리넷",1,"예술",3
"수영 종목에서 가장 짧은 거리 경기는?","50m","100m","200m","400m",1,"스포츠",1
"세계에서 가장 큰 열대우림 아마존이 배출하는 것으로 '지구의 허파'라 불리는 이유는?","많은 물","많은 산소","많은 이산화탄소","많은 열",2,"지리",2
"인체에서 뼈 속에서 혈액을 만드는 조직은?","인대","골수","힘줄","연골",2,"과학",1
"임진왜란 때 의병을 일으켜 활약한 인물이 아닌 사람은?","이완용","조헌","곽재우","고경명",1,"역사",2
"'셜록 홈즈'가 사는 런던의 거리는?","베이커가","다우닝가","옥스퍼드가","리젠트가",1,"문학",2
"직각의 3배 각도는 몇 도인가?","180도","90도","270도","360도",3,"수학",2
"우리나라의 전통 절기 중 낮이 가장 긴 날은?","춘분","동지","하지","추분",3,"상식",2
"'키스'와 '아델레 블로흐바우어의 초상'을 그린 화가는?","코코슈카","클림트","실레","뭉크",2,"예술",1
"복싱, 태권도, 유도처럼 상대와 겨루는 종목을 통칭하는 것은?","구기","수상","육상","격투기",4,"스포츠",1
"세계에서 가장 많은 국가가 사용하는 통화는?","위안","유로","엔","미국 달러",4,"지리",2
"물체가 빠르게 움직일 때 가지는 에너지를 무엇이라 하는가?","화학 에너지","운동 에너지","열 에너지","위치 에너지",2,"과학",2
"고려 시대 무신정변을 일으킨 대표적 인물은?","이자겸","최충헌","정중부","묘청",3,"역사",2
"'분노의 포도'의 배경이 되는 미국 대공황 시기의 이주 지역은?","플로리다","텍사스","뉴욕","캘리포니아",4,"문학",2
"각의 크기가 180도인 각을 무엇이라 하는가?","평각","직각","예각","둔각",1,"수학",1
"우리나라의 대표적 전통 명절 음식으로 설날에 먹는 것은?","화전","송편","팥죽","떡국",4,"상식",1
"'봄의 제전'은 어떤 장르를 위해 작곡되었는가?","발레","오페라","교향곡","협주곡",1,"예술",1
"태권도에서 가장 낮은 급의 띠 색깔은?","검은 띠","노란 띠","흰 띠","파란 띠",3,"스포츠",1
"세계에서 가장 큰 규모의 삼각주를 이루는 강이 아닌 것은?","한강","나일강","갠지스강","메콩강",1,"지리",1
"인체에서 우리가 냄새를 맡는 감각 기관은?","귀","눈","혀","코",4,"과학",1
"조선 시대 백성의 억울함을 풀어주기 위해 설치한 북은?","측우기","자격루","혼천의","신문고",4,"역사",2
"'적과 흑'에서 '적'과 '흑'이 각각 상징하는 것으로 흔히 해석되는 것은?","자유와 억압","사랑과 죽음","부와 권력","군대와 성직",4,"문학",3
"원기둥을 밑면과 평행하게 자른 단면의 모양은?","타원","삼각형","사각형","원",4,"수학",2
"우리나라의 전통 놀이로 종이를 접어 만든 것을 치는 것은?","제기차기","팽이치기","윷놀이","딱지치기",4,"상식",1
"'환희의 송가'는 원래 어느 시인의 시에 곡을 붙인 것인가?","실러","괴테","하이네","릴케",1,"예술",1
"골프에서 한 홀의 기준 타수보다 1타 많게 마치는 것은?","이글","보기","버디","파",2,"스포츠",2
"세계에서 가장 깊은 호수로 알려진 곳은?","카스피해","빅토리아호","슈피리어호","바이칼호",4,"지리",3
"물체에 힘을 가할 때 그 반대 방향으로 작용하는 힘을 무엇이라 하는가?","반작용","작용","마찰","관성",1,"과학",1
"조선을 건국하며 새 도읍의 궁궐로 지은 것은?","창경궁","창덕궁","경복궁","덕수궁",3,"역사",2
"한국의 전통 명절 중 조상에게 차례를 지내는 대표적인 두 명절은?","동지와 대보름","단오와 한식","설날과 추석","입춘과 하지",3,"상식",1
"세계에서 가장 큰 규모의 협곡으로 미국에 있는 것은?","블라이드 협곡","콜카 협곡","그랜드 캐니언","타이거 협곡",3,"지리",1
"물질이 산소와 결합해 빛과 열을 내는 반응을 무엇이라 하는가?","증발","응결","연소","용해",3,"과학",1
"조선의 첫 번째 임금은?","정종","태조","태종","세종",2,"역사",1
"'위대한 개츠비'의 배경이 되는 미국 도시는?","보스턴","시카고","LA","뉴욕",4,"문학",1
"두 각의 합이 90도인 두 각을 무엇이라 하는가?","동위각","맞꼭지각","여각(보각)","엇각",3,"수학",1
"우리나라의 국화는 무궁화이고, 국가(國歌)는?","아리랑","애국가","한오백년","도라지",2,"상식",1
"'별이 빛나는 밤'은 어느 미술 사조에 속하는가?","초현실주의","입체주의","후기 인상주의","야수주의",3,"예술",1
"축구에서 골키퍼가 손으로 공을 잡을 수 있는 구역을 무엇이라 하는가?","센터서클","페널티 박스","코너","골라인",2,"스포츠",1
"세계에서 가장 큰 나라 러시아의 국토 면적은 대략 세계 육지의 몇 분의 1인가?","약 4분의 1","약 8분의 1","약 2분의 1","약 16분의 1",2,"지리",3
"인체에서 몸을 지탱하고 움직이게 하는 조직은?","근육","혈액","피부","지방",1,"과학",1
"고구려를 멸망시킨 나라 연합은?","당과 왜","신라와 당","신라와 백제","백제와 왜",2,"역사",1
"'노인과 바다'의 작가 헤밍웨이의 국적은?","독일","영국","미국","프랑스",3,"문학",1
"가장 작은 소수는?","1","2","3","0",2,"수학",2
"우리나라의 대표적 전통 놀이로 나무 막대 4개를 던지는 것은?","연날리기","제기차기","윷놀이","팽이치기",3,"상식",1
"'봄'과 '사계'를 작곡한 비발디는 어느 나라 사람인가?","이탈리아","독일","오스트리아","프랑스",1,"예술",1
"태권도 경기에서 심판이 경기를 시작할 때 외치는 구령은?","경례","차렷","시작","그만",3,"스포츠",1
"세계에서 가장 인구가 적은 대륙이자 대양으로 둘러싸인 곳은?","남극","유럽","오세아니아","아프리카",3,"지리",1
"소리가 진공에서 전달되지 않는 이유는?","매질이 없어서","너무 추워서","빛이 없어서","공기가 많아서",1,"과학",3
"조선의 실학자 유형원이 쓴 개혁서는?","경세유표","반계수록","목민심서","성호사설",2,"역사",3
"'파리대왕'에서 무리를 이끄는 두 소년의 이름은?","해리와 빌","톰과 샘","존과 폴","랠프와 잭",4,"문학",3
"직각삼각형에서 두 변이 6과 8이면 빗변은?","10","12","14","16",1,"수학",1
"우리나라의 전통 명절 대보름에 하는 놀이가 아닌 것은?","크리스마스 트리 장식","쥐불놀이","달집태우기","연날리기",1,"상식",2
"'전람회의 그림'은 원래 어떤 악기를 위한 곡인가?","첼로","바이올린","플루트","피아노",4,"예술",1
"야구에서 한 팀이 공격과 수비를 한 번씩 하는 것을 무엇이라 하는가?","쿼터","세트","이닝","라운드",3,"스포츠",2
"세계에서 가장 긴 산맥 안데스의 최고봉은?","킬리만자로","에베레스트","몽블랑","아콩카과",4,"지리",3
"인체에서 혈액을 온몸으로 내보내는 심장의 부위는?","좌심실","우심방","좌심방","우심실",1,"과학",3
"조선 시대 지방을 다스리기 위해 파견한 관리는?","판서","의정","수령","승지",3,"역사",3
"'죄와 벌'을 쓴 도스토옙스키가 활동한 세기는?","18세기","17세기","19세기","20세기",3,"문학",2
"삼각형의 세 중선이 만나는 점을 무엇이라 하는가?","외심","무게중심","내심","수심",2,"수학",3
"우리나라의 대표적인 전통 발효 식품으로 콩을 발효시킨 것은?","젓갈","김치","식혜","청국장",4,"상식",1
"'봄의 소리 왈츠'와 '아름답고 푸른 도나우'를 작곡한 사람은?","슈베르트","베토벤","브람스","요한 슈트라우스 2세",4,"예술",1
"수영 배영에서 선수는 어떤 자세로 헤엄치는가?","옆으로","엎드려서","등을 대고 위를 보며","서서",3,"스포츠",2
"세계에서 가장 큰 섬 그린란드는 어느 나라의 자치령인가?","아이슬란드","노르웨이","덴마크","캐나다",3,"지리",2
"물이 얼음이 되면 상태 변화 중 무엇에 해당하는가?","응고","융해","기화","승화",1,"과학",2
"고려 시대 승려 일연이 쓴 역사서는?","고려사","삼국사기","삼국유사","동국통감",3,"역사",3
"'분노의 포도'를 쓴 스타인벡의 국적은?","러시아","영국","프랑스","미국",4,"문학",2
"정육면체의 모든 모서리 길이는 어떠한가?","같다","다르다","0이다","알 수 없다",1,"수학",1
"우리나라의 전통 의상 한복에서 남성이 입는 겉옷은?","치마","저고리","두루마기","족두리",3,"상식",2
"'천지창조'에서 신이 사람을 창조하는 유명한 장면의 제목은?","최후의 만찬","아담의 창조","최후의 심판","성모자",2,"예술",3
"복싱에서 아래에서 위로 올려치는 공격은?","스트레이트","잽","훅","어퍼컷",4,"스포츠",2
"세계에서 두 번째로 인구가 많은 나라로 알려진 곳은?","중국","인도","미국","인도네시아",2,"지리",2
"인체에서 뇌가 담긴 단단한 뼈 구조를 무엇이라 하는가?","척추","골반","갈비뼈","두개골",4,"과학",2
"임진왜란 후 일본과의 국교 회복을 위해 파견한 사절단은?","보빙사","연행사","수신사","통신사",4,"역사",1
"'파우스트'와 '젊은 베르테르의 슬픔'을 쓴 작가는?","괴테","실러","하이네","릴케",1,"문학",2
"1000에서 1까지 거꾸로 셀 때 마지막 수는?","100","0","1","10",3,"수학",1
"우리나라의 전통 춤 중 승려 복장을 하고 추는 것은?","승무","살풀이","부채춤","탈춤",1,"상식",3
"'모나리자'를 그린 다빈치는 어느 나라 출신인가?","네덜란드","프랑스","이탈리아","스페인",3,"예술",1
"양궁에서 표적의 중심을 무엇이라 하는가?","레드","블랙","블루","골드",4,"스포츠",1
"세계에서 가장 큰 열대우림 아마존 강의 하구가 접한 대양은?","대서양","태평양","인도양","북극해",1,"지리",2
"물질을 이루는 원소 중 가장 가벼운 것은?","탄소","산소","질소","수소",4,"과학",1
"조선 후기 상업이 발달하면서 나타난 대상인 집단이 아닌 것은?","화랑","송상","경강상인","내상",1,"역사",3
"'허클베리 핀'과 '톰 소여'가 등장하는 작품을 쓴 작가는?","루이스 캐럴","마크 트웨인","로버트 스티븐슨","찰스 디킨스",2,"문학",2
"삼각형의 한 외각은 이웃하지 않는 두 내각의 합과 어떠한가?","크다","작다","같다","무관하다",3,"수학",3
"우리나라의 대표적인 전통 가옥 재료로 흙과 짚을 섞어 지은 지붕은?","기와지붕","초가지붕","슬레이트","너와지붕",2,"상식",2
"'백조의 호수'에서 백조로 변한 공주에게 저주를 건 인물은?","오딜","로트바르트","오데트","지크프리트",2,"예술",2
"수영에서 두 손을 동시에 저으며 물속에서 개구리처럼 발을 차는 영법은?","자유형","평영","배영","접영",2,"스포츠",2
"세계에서 가장 넓은 나라의 수도 모스크바가 있는 나라는?","러시아","중국","캐나다","미국",1,"지리",1
"인체에서 음식을 소화시키는 소화액을 분비하지 않는 기관은?","위","이자","심장","간",3,"과학",2
"고려의 광종이 실시한 정책으로 노비를 조사해 양민으로 해방한 것은?","전시과","과거제","훈요십조","노비안검법",4,"역사",2
"'롤리타'를 쓴 나보코프의 출신국은?","프랑스","러시아","미국","독일",2,"문학",2
"직사각형의 넓이를 구하는 공식은?","가로 × 세로","가로 + 세로","가로 × 2","세로 × 2",1,"수학",1
"우리나라의 대표적 전통 놀이인 강강술래는 주로 어떤 명절에 하는가?","단오","설날","추석","한식",3,"상식",2
"'인상, 해돋이'는 어느 항구를 그린 그림인가?","니스","마르세유","르아브르","칸",3,"예술",1
"복싱 경기에서 선수가 쓰러져 10초 안에 일어나지 못하면?","경고","반칙","KO패","무승부",3,"스포츠",2
"세계에서 가장 큰 호수 카스피해는 실제로 어떤 종류인가?","호수(내해)","바다","강","늪",1,"지리",2
"물체가 높은 곳에 있을 때 가지는 에너지를 무엇이라 하는가?","위치 에너지","운동 에너지","열 에너지","빛 에너지",1,"과학",2
"조선 시대 임금이 신하에게 내리는 술을 무엇이라 하는가?","합환주","사주(賜酒)","향음주","교배주",2,"역사",3
"'젊은 베르테르의 슬픔'은 주로 무엇을 다룬 소설인가?","추리","전쟁","모험","이루지 못한 사랑",4,"문학",3
"직각의 2배 각도는 몇 도인가?","360도","90도","270도","180도",4,"수학",1
"우리나라의 전통 세시풍속 중 칠월칠석에 관련된 이야기는?","심청전","단군신화","견우와 직녀","춘향전",3,"상식",2
"'봄' 협주곡에서 봄을 표현하기 위해 흉내 낸 소리는?","천둥소리","새소리","바람소리","물소리",2,"예술",3
"태권도 겨루기에서 얼굴을 발로 차 득점하면 몸통보다 점수가 어떠한가?","같다","낮다","0점","높다",4,"스포츠",3
"세계에서 가장 넓은 초원 지대인 스텝이 펼쳐진 대륙은?","남아메리카","아프리카","유라시아","오세아니아",3,"지리",1
"인체에서 소변을 저장했다가 몸 밖으로 내보내는 기관은?","간","신장","위","방광",4,"과학",2
"조선의 성리학을 대표하는 두 학자 이황과 이이 중 '동호문답'을 쓴 사람은?","서경덕","이황","이이","조식",3,"역사",2
"'변신'의 작가 카프카는 어느 도시 출신인가?","베를린","빈","프라하","부다페스트",3,"문학",2
"어떤 수에 0을 더하면 결과는?","0","그 수 그대로","1","2배",2,"수학",1
"우리나라의 전통 놀이 중 여성들이 밟고 뛰는 널판 놀이는?","제기차기","그네뛰기","윷놀이","널뛰기",4,"상식",2
"'키스'를 그린 클림트는 어느 나라 화가인가?","독일","오스트리아","네덜란드","프랑스",2,"예술",2
"올림픽에서 4년마다 여름과 겨울을 번갈아 개최하는데, 이 둘의 개최 간격은?","2년","4년","6년","1년",1,"스포츠",2
"세계에서 가장 큰 규모의 담수 습지 판타나우가 있는 대륙은?","아시아","아프리카","남아메리카","유럽",3,"지리",3
"물체가 서로 미끄러질 때 방해하는 힘을 무엇이라 하는가?","중력","자기력","부력","마찰력",4,"과학",1
"조선을 세운 이성계를 도와 새 왕조의 기틀을 마련한 학자는?","이색","정몽주","정도전","권근",3,"역사",2
"'노트르담의 꼽추'의 주인공 종지기의 이름은?","콰지모도","에스메랄다","프롤로","페뷔스",1,"문학",3
"삼각형의 내각 중 하나가 100도이면 이 삼각형은?","예각삼각형","둔각삼각형","직각삼각형","정삼각형",2,"수학",2
"우리나라의 전통 음식 중 얼음을 넣어 시원하게 먹는 여름 국수는?","불고기","비빔밥","냉면","김밥",3,"상식",1
"'봄의 제전'의 초연 때 벌어진 일로 유명한 것은?","취소","관객의 소동","조용한 감상","기립박수",2,"예술",2
"축구에서 골키퍼가 아닌 선수가 손으로 공을 만지면?","코너킥","골","핸드볼(반칙)","정상 플레이",3,"스포츠",1
"세계에서 가장 큰 규모의 빙하가 있는 대륙 남극의 얼음은 주로 무엇인가?","바닷물","소금물","담수(민물)","기름",3,"지리",1
"인체에서 우리가 맛을 느끼는 감각 기관은?","눈","코","혀","귀",3,"과학",1
"조선 시대에 편찬된 우리나라 최고의 의학서는?","향약집성방","방약합편","의방유취","동의보감",4,"역사",2
"'적과 흑'의 작가 스탕달의 국적은?","프랑스","러시아","영국","독일",1,"문학",2
"두 각의 크기의 합이 180도인 두 각을 무엇이라 하는가?","맞꼭지각","여각","보각","동위각",3,"수학",3
"우리나라의 전통 놀이 중 실을 두 손에 걸어 모양을 만드는 것은?","실뜨기","제기차기","팽이치기","윷놀이",1,"상식",1
"'환희의 송가'가 들어 있는 베토벤 교향곡 9번의 별칭은?","합창","운명","전원","영웅",1,"예술",3
"골프에서 한 홀의 기준 타수보다 3타 적게 마치는 것은?","알바트로스","이글","버디","보기",1,"스포츠",2
"세계에서 가장 넓은 나라부터 순서대로 나열할 때 첫 번째는?","캐나다","러시아","중국","미국",2,"지리",2
"물체의 온도가 높아지면 부피는 대체로 어떻게 되는가?","사라진다","커진다","변화 없다","작아진다",2,"과학",2
"조선의 왕세자가 교육받던 곳을 무엇이라 하는가?","집현전","세자시강원","성균관","홍문관",2,"역사",3
"우리나라 국민이 지켜야 할 최고 법규범을 무엇이라 하는가?","조례","헌법","규칙","관습",2,"상식",2
"세계에서 가장 큰 규모의 만리장성이 위치한 대륙은?","북아메리카","유럽","아프리카","아시아",4,"지리",1
"물질의 상태가 아닌 것은?","고체","광체","기체","액체",2,"과학",1
"조선 시대 관리를 선발하던 시험 제도는?","과거","음서","천거","도목",1,"역사",1
"'위대한 개츠비'를 쓴 피츠제럴드의 국적은?","미국","영국","프랑스","캐나다",1,"문학",1
"원의 둘레를 무엇이라 부르는가?","지름","원주","반지름","넓이",2,"수학",1
"우리나라의 대표적 전통 음식으로 소를 넣어 반달 모양으로 빚는 떡은?","경단","송편","화전","떡국",2,"상식",1
"'해바라기'를 그린 화가는 어느 시대 사람인가?","17세기","16세기","19세기","20세기",3,"예술",1
"축구에서 상대 선수의 공을 빼앗는 수비 동작을 무엇이라 하는가?","슈팅","드리블","패스","태클",4,"스포츠",1
"세계에서 가장 큰 규모의 열대 초원이 있는 아프리카의 대표적 초원은?","세렝게티","사하라","칼라하리","나미브",1,"지리",1
"인체에서 손상된 부위를 아물게 하는 혈액 성분은?","백혈구","적혈구","혈소판","혈장",3,"과학",1
"고구려의 시조는?","박혁거세","주몽(동명성왕)","온조","김수로",2,"역사",1
"'데미안'과 '수레바퀴 아래서'를 쓴 작가는?","토마스 만","실러","괴테","헤르만 헤세",4,"문학",1
"삼각형의 넓이가 밑변 6, 높이 4일 때 값은?","10","12","14","24",2,"수학",1
"우리나라의 전통 명절 설날에 웃어른께 하는 인사를 무엇이라 하는가?","성묘","차례","제사","세배",4,"상식",1
"'월광 소나타'의 정식 명칭에 포함된 조성은?","올림다단조","다장조","가단조","바장조",1,"예술",3
"수영에서 출발대에서 물로 뛰어드는 종목이 아닌 것은?","접영","배영","평영","자유형",2,"스포츠",3
"세계에서 가장 넓은 나라 러시아와 국경을 접하지 않는 나라는?","카자흐스탄","중국","몽골","일본",4,"지리",2
"물이 수증기가 되었다가 다시 물이 되어 내리는 자연 현상은?","증산","광합성","물의 순환","침식",3,"과학",2
"조선의 세종이 만든 악기로 소리의 높낮이를 조율하는 기준이 된 것은?","거문고","편경","가야금","대금",2,"역사",1
"'죄와 벌'에서 주인공이 저지른 범죄는?","방화","절도","살인","사기",3,"문학",2
"직육면체의 면은 모두 몇 개인가?","6개","4개","8개","12개",1,"수학",1
"우리나라의 대표적 전통 놀이로 하늘에 띄우는 것은?","윷","팽이","연","제기",3,"상식",1
"'봄' 협주곡을 포함한 '사계'는 총 몇 악장의 협주곡 모음인가?","2개","6개","4개의 협주곡","8개",3,"예술",2
"야구에서 타자가 공을 치지 않고 그냥 두는데 스트라이크 존을 벗어난 공은?","아웃","스트라이크","파울","볼",4,"스포츠",1
"세계에서 가장 인구가 많은 나라 중 하나로 갠지스강 삼각주가 있는 나라는?","방글라데시","인도","중국","파키스탄",1,"지리",1
"인체에서 심장 박동을 스스로 조절하는 부위를 무엇이라 하는가?","판막","좌심실","대동맥","동방결절",4,"과학",3
"조선 후기 서민 문화가 발달하면서 유행한 소설의 형태는?","한문 소설","가사","시조","한글 소설",4,"역사",3
"'노인과 바다'에서 노인을 따르는 소년의 이름은?","마놀린","산티아고","페드로","호세",1,"문학",3
"정오각형의 한 외각의 크기는?","108도","60도","90도","72도",4,"수학",3
"우리나라 전통 악기 중 활로 켜서 연주하는 두 줄 현악기는?","해금","가야금","거문고","대금",1,"상식",3
"'천지창조'가 있는 시스티나 성당은 어느 도시에 있는가?","피렌체","로마(바티칸)","베네치아","밀라노",2,"예술",2
"복싱에서 상대를 옆에서 돌려치는 공격은?","잽","스트레이트","어퍼컷","훅",4,"스포츠",2
"세계에서 가장 큰 규모의 열대우림 아마존은 몇 개국에 걸쳐 있는가?","한 나라","세 나라","두 나라","여러 나라",4,"지리",3
"물체가 뜨거워지면 입자들의 움직임은 어떻게 되는가?","느려진다","사라진다","멈춘다","활발해진다",4,"과학",2
"조선의 제7대 왕으로 계유정난을 일으켜 왕이 된 인물은?","단종","성종","예종","세조",4,"역사",2
"'파우스트'는 몇 부로 구성된 작품인가?","3부","1부","4부","2부",4,"문학",3
"어떤 수를 제곱하면 항상 어떤 값이 되는가?","1","음수","0 이상","항상 짝수",3,"수학",3
"우리나라의 전통 놀이 강강술래는 주로 어떤 형태로 하는가?","손잡고 원을 그리며 돈다","줄을 당긴다","막대를 던진다","공을 찬다",1,"상식",2
"'봄의 소리 왈츠'는 어떤 춤곡 형식인가?","왈츠","폴카","마주르카","탱고",1,"예술",1
"태권도 겨루기에서 한 경기는 보통 몇 회전(라운드)으로 하는가?","7회전","3회전","5회전","1회전",2,"스포츠",1
"세계에서 가장 큰 규모의 삼각주가 있는 나일강의 삼각주는 어느 도시 근처인가?","룩소르","알렉산드리아","카이로","아스완",3,"지리",3
"인체에서 팔과 다리를 움직이게 하는 것은?","근육과 뼈","혈액","피부","지방",1,"과학",1
"고려 시대 몽골 침입에 맞서 부처의 힘을 빌리고자 만든 것은?","직지","팔만대장경","삼국유사","향약구급방",2,"역사",2
"'적과 흑'과 같은 사실주의 문학이 발달한 세기는?","16세기","19세기","17세기","20세기",2,"문학",1
"정사각형의 둘레가 20cm이면 한 변의 길이는?","5cm","10cm","15cm","20cm",1,"수학",2
"우리나라의 대표적 전통 술로 맑게 걸러낸 것은?","청주","막걸리","소주","동동주",1,"상식",2
"'모나리자'의 배경에 그려진 것은?","바다","궁전","자연 풍경","도시",3,"예술",2
"양궁에서 한 발에 얻을 수 있는 최고 점수는?","9점","12점","8점","10점",4,"스포츠",2
"세계에서 가장 큰 규모의 대양 태평양과 대서양을 잇는 인공 수로는?","수에즈 운하","코린토스 운하","키일 운하","파나마 운하",4,"지리",3
"물이 끓는점에 도달하면 상태는 어떻게 변하는가?","그대로 있다","고체로 변한다","기체로 변한다","사라진다",3,"과학",1
"조선 시대 궁궐을 지키던 군대를 무엇이라 하는가?","금군","의금부","포도청","사헌부",1,"역사",2
"'허클베리 핀의 모험'은 어떤 강을 따라가는 여정을 그리는가?","템스강","미시시피강","센강","라인강",2,"문학",2
"삼각형에서 세 각이 모두 예각이면 무슨 삼각형인가?","정삼각형","예각삼각형","둔각삼각형","직각삼각형",2,"수학",2
"우리나라의 전통 예절 중 명절에 조상께 지내는 간단한 제사는?","차례","제사","성묘","세배",1,"상식",2
"'백조의 호수'는 어떤 작곡가의 발레 음악인가?","차이콥스키","스트라빈스키","프로코피예프","라흐마니노프",1,"예술",2
"수영에서 자유형은 주로 어떤 자세로 하는가?","서서","등을 대고","옆으로","엎드려서",4,"스포츠",2
"세계에서 가장 넓은 나라 러시아의 국토는 몇 개의 시간대에 걸쳐 있는가?","두 개","여러 개","한 개","세 개",2,"지리",2
"인체에서 뼈의 개수가 가장 많은 부위는?","가슴","머리","척추","손과 발",4,"과학",1
"조선을 세운 태조 이성계의 성씨는?","최","김","이","박",3,"역사",1
"'변신'은 주로 어떤 분위기의 작품으로 평가되는가?","부조리하고 우울함","밝고 희망적임","코믹함","낭만적임",1,"문학",3
"삼각형의 넓이는 밑변과 높이의 곱을 무엇으로 나눈 것인가?","1","3","4","2",4,"수학",1
"우리나라의 전통 놀이 중 발로 물건을 차며 노는 것은?","제기차기","팽이치기","윷놀이","연날리기",1,"상식",1
"'봄' 협주곡을 작곡한 비발디는 어떤 종교의 사제였는가?","정교회","개신교","가톨릭","이슬람",3,"예술",1
"골프에서 한 라운드의 표준 파(par)는 보통 몇 타인가?","100타","60타","80타","72타",4,"스포츠",3
"세계에서 가장 큰 규모의 열대우림이 있는 강 유역은?","아마존강 유역","콩고강 유역","메콩강 유역","나일강 유역",1,"지리",2
"물체가 빛을 받아 그림자가 생기는 것은 빛의 어떤 성질 때문인가?","직진","반사","굴절","분산",1,"과학",2
"조선 시대 왕의 명령을 백성에게 알리던 관청은?","사헌부","의정부","승정원","홍문관",3,"역사",3
"'분노의 포도'에서 이주민들이 향한 지역은?","캘리포니아","텍사스","뉴욕","오하이오",1,"문학",3
"정삼각형의 한 각의 크기를 세 번 더하면?","90도","180도","270도","360도",2,"수학",1
"우리나라의 전통 명절 중 밤이 가장 긴 날에 지내는 것은?","추분","하지","춘분","동지",4,"상식",2
"'인상, 해돋이'로 이름이 붙은 미술 사조를 대표하는 화가는?","모네","마네","드가","르누아르",1,"예술",2
"복싱에서 한 경기의 승패를 심판이 점수로 판정하는 것을 무엇이라 하는가?","무효","KO","실격","판정승",4,"스포츠",2
"세계에서 가장 넓은 대양 태평양의 평균 깊이는 대략 어느 정도인가?","약 1만 m","약 100m","약 500m","약 4000m",4,"지리",3
"인체에서 몸의 균형을 잡는 데 관여하는 귀 속 기관은?","고막","달팽이관","반고리관","이소골",3,"과학",1
"고려 말 최영 장군이 요동 정벌을 추진할 때 반대한 인물은?","정도전","이성계","정몽주","최무선",2,"역사",3
"'천로역정'은 어떤 종교적 주제를 담은 작품인가?","불교","기독교 신앙","이슬람","유교",2,"문학",2
"두 평행선 사이의 거리는 어디서나?","무한하다","달라진다","0이다","일정하다",4,"수학",2
"우리나라의 전통 놀이인 팽이치기에서 팽이를 돌리는 도구는?","막대","공","채(끈)","연",3,"상식",1
"'게르니카'는 흑백으로 그려졌는데 어떤 재료를 사용했는가?","유화","수채화","파스텔","목탄",1,"예술",3
"태권도에서 품새란 무엇을 의미하는가?","정해진 동작의 연속","자유 겨루기","격파","호신술",1,"스포츠",2
"세계에서 가장 큰 규모의 사막인 사하라의 크기는 대략 어느 대륙과 비슷한가?","유럽 전체","미국 본토","호주","일본",2,"지리",3
"물질을 계속 잘게 나눌 때 성질을 유지하는 가장 작은 입자는?","분자","원자핵","전자","양성자",1,"과학",2
"조선의 정조가 규장각과 함께 개혁을 위해 육성한 친위 부대는?","금위영","장용영","훈련도감","어영청",2,"역사",2
"'롤리타'와 같은 작가가 쓴 작품이 아닌 것은?","말하라, 기억이여","죄와 벌","프닌","창백한 불꽃",2,"문학",1
"각도가 정확히 90도인 두 직선의 관계는?","교차","평행","일치","수직",4,"수학",1
"우리나라의 전통 의복에서 발에 신는 버선과 함께 신는 것은?","슬리퍼","고무신","구두","운동화",2,"상식",2
"'봄' '여름' '가을' '겨울' 협주곡 각각에는 무엇이 붙어 있는가?","그림","이야기","소네트(시)","가사",3,"예술",2
"수영에서 접영은 어떤 특징이 있는가?","두 팔을 동시에 물 위로 젓는다","한 팔씩 젓는다","등을 대고 한다","서서 한다",1,"스포츠",1
"세계에서 가장 큰 규모의 산호초 그레이트 배리어 리프가 있는 나라는?","호주","인도네시아","필리핀","몰디브",1,"지리",2
"물체를 가열하면 대체로 부피가 늘어나는 현상을 무엇이라 하는가?","열팽창","응고","증발","승화",1,"과학",2
"조선의 대표적 궁중 무용으로 봉황을 형상화한 춤은?","처용무","무고","춘앵전","봉래의",4,"역사",2
"'노트르담의 꼽추'는 어느 도시를 배경으로 하는가?","파리","런던","로마","마드리드",1,"문학",2
"분수에서 분모가 될 수 없는 수는?","1","0","2","10",2,"수학",2
"우리나라의 전통 놀이로 얼음판에서 팽이를 돌리거나 썰매를 타는 계절은?","봄","겨울","여름","가을",2,"상식",1
"'키스'와 함께 클림트가 사용한 특징적 재료는?","은박","금박","동판","유리",2,"예술",2
"골프에서 파(par)보다 1타 적게 마치는 것은?","보기","파","이글","버디",4,"스포츠",1
"세계에서 가장 넓은 나라 러시아의 대부분 국토가 속한 기후는?","온대","열대","건조","냉대(아한대)",4,"지리",3
"물체가 정지해 있거나 등속으로 움직이려는 성질을 무엇이라 하는가?","마찰","가속도","관성","중력",3,"과학",2
"조선 시대 신하가 임금에게 올리는 글을 무엇이라 하는가?","방문","교지","격문","상소",4,"역사",2
"우리나라에서 자동차가 다니는 도로의 통행 방향은?","좌측통행","우측통행","중앙통행","자유통행",2,"상식",2
"세계에서 가장 넓은 대양에 접한 아시아 국가가 아닌 것은?","스위스","일본","중국","필리핀",1,"지리",1
"물체가 받는 힘이 없을 때 운동 상태는 어떻게 되는가?","멈춘다","느려진다","빨라진다","그대로 유지된다",4,"과학",1
"조선 시대 한양의 정문으로 남쪽에 있던 문은?","흥인지문","숭례문","돈의문","숙정문",2,"역사",1
"'위대한 개츠비'에서 개츠비가 사랑한 여인의 이름은?","데이지","조던","머틀","캐서린",1,"문학",1
"정사각형의 넓이가 36이면 한 변의 길이는?","18","9","12","6",4,"수학",2
"우리나라의 대표적 전통 음식으로 배추를 소금에 절여 만든 것은?","젓갈","된장","고추장","김치",4,"상식",1
"'별이 빛나는 밤'을 그린 화가가 주로 사용한 기법은?","가는 선","점묘법","두꺼운 붓 터치","콜라주",3,"예술",3
"축구 경기에서 한 팀이 교체할 수 있는 선수 수는 보통 몇 명까지인가?","여러 명(규정에 따라)","0명","1명","20명",1,"스포츠",1
"세계에서 가장 큰 규모의 열대우림 아마존이 있는 국가 브라질의 공용어는?","영어","스페인어","프랑스어","포르투갈어",4,"지리",1
"인체에서 몸을 보호하는 가장 바깥 기관은?","심장","뼈","피부","근육",3,"과학",1
"고구려의 대표적 문화유산인 무용총 벽화가 그려진 곳은?","성곽","궁궐","사찰","고분(무덤)",4,"역사",1
"'노인과 바다'는 어느 바다를 배경으로 하는가?","북해","지중해","발트해","카리브해",4,"문학",3
"직사각형의 가로가 5, 세로가 3이면 넓이는?","10","8","15","20",3,"수학",1
"우리나라의 전통 명절 추석에 먹는 대표 음식은?","화전","떡국","송편","팥죽",3,"상식",1
"'봄의 소리 왈츠'를 작곡한 요한 슈트라우스 2세의 별명은?","피아노의 시인","왈츠의 왕","가곡의 왕","음악의 아버지",2,"예술",3
"수영에서 선수들이 나뉘어 헤엄치는 구역을 무엇이라 하는가?","레인","코너","베이스","마운드",1,"스포츠",1
"세계에서 가장 큰 규모의 담수호 슈피리어호는 어느 대륙에 있는가?","유럽","북아메리카","아시아","아프리카",2,"지리",1
"물이 얼면 부피가 늘어나 밀도는 어떻게 되는가?","커진다","변화 없다","작아진다","0이 된다",3,"과학",3
"조선의 세종대왕이 훈민정음을 반포한 해는?","1500년","1418년","1392년","1446년",4,"역사",1
"'죄와 벌'의 주인공은 어떤 신분이었는가?","가난한 대학생","귀족","상인","군인",1,"문학",1
"각기둥에서 밑면이 오각형이면 옆면은 몇 개인가?","6개","4개","5개","10개",3,"수학",3
"우리나라의 전통 놀이 중 정월 대보름에 논둑에 불을 놓는 것은?","제기차기","윷놀이","연날리기","쥐불놀이",4,"상식",1
"'천지창조'를 그린 미켈란젤로의 대표적 조각 작품은?","모세","다비드","비너스","생각하는 사람",2,"예술",1
"야구에서 한 경기는 보통 몇 이닝으로 진행되는가?","4이닝","9이닝","7이닝","12이닝",2,"스포츠",1
"세계에서 가장 넓은 나라 러시아의 동쪽 끝은 어느 대양에 접하는가?","북극해","대서양","태평양","인도양",3,"지리",3
"인체에서 혈액을 정화하고 소변을 만드는 한 쌍의 기관은?","콩팥(신장)","허파","간","심장",1,"과학",2
"조선 후기 정조 때 활약한 실학자로 '열하일기'를 쓴 사람은?","박지원","정약용","박제가","홍대용",1,"역사",3
"'허클베리 핀의 모험'에서 헉과 함께 뗏목 여행을 하는 인물은?","폴리","톰","짐","베키",3,"문학",1
"각도가 90도보다 작은 각을 무엇이라 하는가?","직각","평각","둔각","예각",4,"수학",1
"우리나라의 전통 악기 중 타악기에 속하는 것은?","대금","장구","해금","가야금",2,"상식",2
"'모나리자'는 어떤 기법으로 인물의 윤곽을 부드럽게 표현했는가?","스푸마토","임파스토","프레스코","콜라주",1,"예술",2
"태권도에서 손을 곧게 뻗어 지르는 기본 공격을 무엇이라 하는가?","지르기","막기","차기","꺾기",1,"스포츠",2
"세계에서 가장 큰 규모의 폭포 중 아프리카에 있는 것은?","나이아가라","빅토리아 폭포","이과수","앙헬",2,"지리",3
"물이 수증기로 변할 때 열을 흡수하는가, 방출하는가?","방출한다","흡수한다","변화 없다","알 수 없다",2,"과학",3
"조선 시대 왕이 나랏일을 논의하던 최고 회의 기구는?","홍문관","승정원","의정부","사헌부",3,"역사",3
"'분노의 포도'를 쓴 존 스타인벡이 받은 상은?","노벨문학상","퓰리처상만","부커상","공쿠르상",1,"문학",3
"정육면체의 꼭짓점은 모두 몇 개인가?","6개","8개","10개","12개",2,"수학",1
"우리나라의 전통 세시풍속에서 단오에 하는 놀이는?","팽이치기","연날리기","쥐불놀이","그네뛰기",4,"상식",2
"'봄' 협주곡을 포함한 '사계'의 원어 제목은?","호두까기 인형","봄의 제전","전람회의 그림","레 콰트로 스타조니",4,"예술",1
"골프에서 공을 홀에 넣기 위해 그린에서 굴리는 타법은?","드라이브","칩샷","퍼팅","벙커샷",3,"스포츠",2
"세계에서 가장 큰 규모의 반도 아라비아 반도가 접하지 않는 바다는?","아라비아해","발트해","페르시아만","홍해",2,"지리",3
"인체에서 세균과 싸워 몸을 지키는 혈액 세포는?","적혈구","혈소판","백혈구","혈장",3,"과학",2
"조선의 태종이 왕권 강화를 위해 실시한 제도로 신분 증명서는?","전분육등법","호패법","과전법","연분구등법",2,"역사",2
"'파우스트'에서 파우스트가 만난 순수한 여인의 이름은?","마르가레테","헬레나","그레트헨","이졸데",3,"문학",3
"원의 넓이를 구하는 공식은?","반지름 × 2","파이 × 지름","2 × 파이 × 반지름","파이 × 반지름의 제곱",4,"수학",2
"우리나라의 전통 놀이 중 두 사람이 마주 서서 널을 밟는 것은?","윷놀이","널뛰기","줄다리기","연날리기",2,"상식",1
"'절규'를 그린 뭉크의 작품은 주로 어떤 감정을 표현하는가?","평화","기쁨","불안과 공포","사랑",3,"예술",2
"펜싱에서 상반신만 유효 타격 부위로 하는 종목은?","에페","레이피어","사브르","플뢰레",4,"스포츠",2
"세계에서 가장 넓은 나라 러시아를 흐르는 큰 강이 아닌 것은?","레나강","나일강","볼가강","예니세이강",2,"지리",3
"물체가 열을 받아 온도가 올라가는 정도를 나타내는 것은?","길이","온도","무게","부피",2,"과학",1
"고려 시대에 과거 제도를 처음 도입한 왕은?","태조","경종","성종","광종",4,"역사",2
"'변신'에서 주인공이 벌레로 변한 뒤 가족의 반응은?","기뻐한다","점점 냉담해진다","반긴다","변화 없다",2,"문학",1
"삼각형에서 밑변과 높이가 같은 두 삼각형의 넓이는?","같다","다르다","0이다","알 수 없다",1,"수학",2
"우리나라의 전통 의복 중 겨울에 입는 솜을 넣은 옷을 무엇이라 하는가?","저고리","솜옷(누비옷)","치마","한복",2,"상식",2
"'백조의 호수'의 주인공 왕자의 이름은?","지크프리트","로트바르트","오데트","오딜",1,"예술",3
"수영에서 가장 마지막에 배우는 어려운 영법으로 여겨지는 것은?","평영","자유형","배영","접영",4,"스포츠",2
"세계에서 가장 넓은 사막 사하라가 있는 아프리카 대륙의 북부 기후는?","건조 기후","열대 우림","냉대","한대",1,"지리",2
"인체에서 산소가 폐로 들어가는 통로 역할을 하는 기관은?","기관(숨길)","식도","혈관","척수",1,"과학",2
"조선 시대 궁중에서 왕과 왕비가 생활하던 공간을 무엇이라 하는가?","별당","편전","정전","침전",4,"역사",3
"'노트르담의 꼽추'를 쓴 빅토르 위고는 어느 나라 작가인가?","영국","독일","프랑스","러시아",3,"문학",2
"이등변삼각형에서 크기가 같은 두 각을 무엇이라 하는가?","외각","꼭지각","밑각","중심각",3,"수학",2
"우리나라의 전통 놀이 중 나무 팽이를 채로 쳐서 돌리는 것은?","연날리기","제기차기","윷놀이","팽이치기",4,"상식",1
"'게르니카'를 그린 피카소는 어느 나라 출신인가?","프랑스","스페인","이탈리아","독일",2,"예술",2
"양궁에서 활시위를 당겼다 놓는 동작을 무엇이라 하는가?","에이밍","드로잉","릴리스","앵커링",3,"스포츠",1
"세계에서 가장 큰 규모의 열대우림이 배출하는 산소량이 많아 붙은 별명은?","세계의 지붕","지구의 허파","불의 고리","죽음의 계곡",2,"지리",2
"물체에 힘을 가하면 모양이 변했다가 원래대로 돌아오려는 성질은?","중력","관성","마찰","탄성",4,"과학",2
"조선의 실학자 정약용이 유배지에서 저술 활동을 한 지역은?","평양","한양","경주","강진",4,"역사",2
"'적과 흑'과 '죄와 벌'은 모두 어떤 문학 사조에 속하는가?","사실주의","낭만주의","고전주의","초현실주의",1,"문학",3
"직각삼각형에서 직각을 제외한 두 각의 합은 몇 도인가?","90도","180도","45도","60도",1,"수학",2
"우리나라의 전통 명절 설날의 다른 이름은?","원단(설)","한식","단오","동지",1,"상식",2
"'봄의 제전'을 작곡한 스트라빈스키는 어느 나라 출신인가?","독일","프랑스","이탈리아","러시아",4,"예술",1
"태권도에서 발을 이용해 상대의 얼굴이나 몸통을 차는 기술을 통칭하는 것은?","꺾기","지르기","발차기","막기",3,"스포츠",1
"세계에서 가장 큰 규모의 나라 러시아의 국기 색깔에 없는 것은?","초록","흰색","파랑","빨강",1,"지리",2
"인체에서 음식물을 잘게 부수는 소화가 처음 시작되는 곳은?","입","위","소장","대장",1,"과학",1
"조선 시대 왕이 국가의 큰일을 하늘과 조상에게 알리던 제사는?","종묘제례","차례","성묘","시제",1,"역사",3
"'허클베리 핀의 모험'과 '톰 소여의 모험'의 작가 마크 트웨인의 국적은?","프랑스","영국","캐나다","미국",4,"문학",2
"소수도 합성수도 아닌 자연수는?","3","2","1","4",3,"수학",3
"우리나라의 전통 놀이 중 종이를 접어 만든 것을 바닥에 쳐서 뒤집는 것은?","팽이치기","딱지치기","윷놀이","제기차기",2,"상식",1
"'키스'를 그린 클림트가 활동한 예술 운동은?","입체주의","인상주의","야수주의","분리파(빈 세제션)",4,"예술",2
"골프에서 첫 타를 치는 구역을 무엇이라 하는가?","페어웨이","티잉 그라운드","그린","벙커",2,"스포츠",3
"세계에서 가장 큰 규모의 삼각주를 이루는 강 중 인도를 흐르는 것은?","미시시피강","나일강","갠지스강","양쯔강",3,"지리",2
"물체가 서로 다른 온도로 접촉하면 열은 어떻게 이동하는가?","이동 없음","낮은 곳에서 높은 곳으로","높은 곳에서 낮은 곳으로","양쪽으로 균등",3,"과학",3
"조선을 세운 이성계는 어느 나라의 장수 출신이었는가?","고려","신라","백제","발해",1,"역사",2
"'파우스트'의 작가 괴테가 활동한 나라는?","독일","프랑스","영국","이탈리아",1,"문학",2
"1부터 100까지 자연수 중 10의 배수는 모두 몇 개인가?","20개","5개","1개","10개",4,"수학",2
"우리나라의 대표적 전통 놀이로 강강술래를 하는 명절은?","한식","설날","단오","추석",4,"상식",2
"'만종'을 그린 밀레는 어느 나라 화가인가?","이탈리아","프랑스","네덜란드","스페인",2,"예술",2
"복싱에서 체급을 나누는 기준은 무엇인가?","경력","키","나이","몸무게",4,"스포츠",2
"세계에서 가장 큰 규모의 대양 태평양의 이름 뜻은?","평온한 바다","넓은 바다","깊은 바다","따뜻한 바다",1,"지리",2
"물이 얼음, 물, 수증기로 변하는 것은 무엇에 따른 변화인가?","맛","온도","색깔","무게",2,"과학",1
"조선의 세종 때 백성의 억울함을 알리기 위해 궁궐 앞에 설치한 것은?","앙부일구","측우기","자격루","신문고",4,"역사",2
"'롤리타'와 '창백한 불꽃'을 쓴 나보코프가 주로 사용한 언어는?","스페인어","프랑스어","독일어","영어와 러시아어",4,"문학",3
"삼각형의 세 내각의 크기가 60도로 모두 같으면 무슨 삼각형인가?","정삼각형","직각삼각형","이등변삼각형","둔각삼각형",1,"수학",1
"우리나라의 전통 가옥에서 여름을 시원하게 보내기 위한 넓은 마루는?","대청마루","온돌방","부엌","사랑방",1,"상식",2
"'봄의 소리 왈츠'가 속한 음악 시대는?","바로크","낭만주의","고전주의","현대",2,"예술",1
"수영 경기에서 출발 신호에 반응해 물로 뛰어드는 것을 무엇이라 하는가?","스트로크","턴","킥","스타트",4,"스포츠",2
"세계에서 가장 넓은 나라 러시아의 수도는?","모스크바","상트페테르부르크","노보시비르스크","블라디보스토크",1,"지리",1
"물체가 빛을 반사하지 않고 모두 흡수하면 무슨 색으로 보이는가?","흰색","검정","빨강","투명",2,"과학",2
"조선 시대에 한글로 쓰인 최초의 소설로 알려진 작품의 작가는?","정약용","김만중","허균","박지원",3,"역사",2
"불이 났을 때 신고하는 전화번호는?","112","119","114","110",2,"상식",1
